regime,theta0,M,N_train_per_class,N_test_per_class,N_auxiliary_per_class,repetition,D,plugin_accuracy,class1_accuracy,class2_accuracy,drift_mse_class1,drift_mse_class2,fit_seconds,class1_lambda,class1_constraint_active,class1_rank,class1_dimension,class1_condition_number,class1_kkt_residual,class1_train_outside_rate,class2_lambda,class2_constraint_active,class2_rank,class2_dimension,class2_condition_number,class2_kkt_residual,class2_train_outside_rate
A(i),1.0,10,100,1000,1000,0,2,0.814,0.792,0.836,0.0514109258811463,0.08968791864962543,0.005106250013341196,1.411911198107271e-06,True,16,16,1295999125726.894,6.307584872985934e-16,0.0,5.984099752441823e-06,True,16,16,43627092635.727394,2.931147270921726e-16,0.0
A(i),1.0,10,100,1000,1000,1,2,0.7755,0.767,0.784,0.059213206018865254,0.1597344465285988,0.0051856250065611675,3.6126555673764583e-06,True,16,16,1659677746233.284,1.3543116943885103e-15,0.0,8.881394267201242e-07,True,16,16,94242591576.32077,6.908933795655385e-16,0.0
A(i),1.0,10,100,1000,1000,2,2,0.802,0.827,0.777,0.05211320670687436,0.053809614605153135,0.004952417002641596,2.754559603465386e-06,True,16,16,1737833649963.999,9.279712836881388e-16,0.0,9.814185855798479e-06,True,16,16,107485103590.89874,1.6880814360855414e-15,0.0
A(i),1.0,10,100,1000,1000,3,2,0.8015,0.815,0.788,0.04188326337726248,0.16435555598517584,0.004910207993816584,2.839708261572698e-06,True,16,16,842524633242.5164,1.1714522757607995e-15,0.0,5.281134679030469e-07,True,16,16,138755371498.85672,6.947762750780406e-16,0.0
A(i),1.0,10,100,1000,1000,4,2,0.7945,0.796,0.793,0.05096278603883681,0.13851474309569095,0.004693834009231068,1.039662759201137e-05,True,16,16,884413579256.0182,6.834937605710535e-16,0.0,2.6846917891140975e-06,True,16,16,121339482286.41821,9.642685046160729e-16,0.0
A(i),1.0,10,100,1000,1000,5,2,0.802,0.763,0.841,0.062607911781795,0.16371188880443543,0.0055806250020395964,7.89244796249931e-06,True,16,16,581627112066.8684,1.5336786737551619e-15,0.0,1.4021385015909451e-06,True,16,16,436228484034.7091,1.0618033651092848e-15,0.0
A(i),1.0,10,100,1000,1000,6,2,0.7965,0.819,0.774,0.1750288144145044,0.3578111105708385,0.005165499998838641,1.0727564536072595e-06,True,16,16,810469851835.6556,1.6006184716331936e-15,0.0,7.74529969313407e-06,True,16,16,228121632047.60785,1.0753668578512858e-15,0.0
A(i),1.0,10,100,1000,1000,7,2,0.7925,0.815,0.77,0.09614403710489541,0.1329830213118051,0.004643167005269788,1.4841243311023722e-06,True,16,16,1447547140236.5825,1.2557942540196956e-15,0.0,1.3885436550676436e-06,True,16,16,734499474427.931,1.3634758095599933e-15,0.0
A(i),1.0,10,100,1000,1000,8,2,0.797,0.795,0.799,0.06987504171534123,0.1940844803249133,0.004542499998933636,3.901756167171353e-06,True,16,16,1480287134462.9692,1.4059840278044217e-15,0.0,3.148067369895514e-06,True,16,16,1237617270152.3135,1.31830686755992e-15,0.0
A(i),1.0,10,100,1000,1000,9,2,0.8085,0.791,0.826,0.04981971907074464,0.08177808805894309,0.0051745829987339675,2.777235926564828e-06,True,16,16,3987141863121.8887,5.515002224919314e-16,0.0,7.305526602137337e-06,True,16,16,1145507406846.076,1.175413973896248e-15,0.0
A(i),1.0,10,100,1000,1000,10,2,0.799,0.841,0.757,0.1506639177624589,0.06994397498882808,0.004791874991497025,3.5294670956007704e-06,True,16,16,540745795764.53156,1.6363664810035918e-15,0.0,4.808489444134501e-07,True,16,16,226596024360.86954,3.5329160646109215e-16,0.0
A(i),1.0,10,100,1000,1000,11,2,0.814,0.855,0.773,0.06692049476951391,0.1057546606183745,0.004856375002418645,1.7866408489520514e-06,True,16,16,2573863352017.312,7.147889844724294e-16,0.0,1.8326674964894318e-06,True,16,16,98618095619.71521,1.8225338460326515e-16,0.0
A(i),1.0,10,100,1000,1000,12,2,0.8075,0.805,0.81,0.03916541952221676,0.10958593888244476,0.0048969589988701046,3.3990476345938537e-06,True,16,16,2667283006187.366,9.20878632050889e-16,0.0,2.020918628558552e-06,True,16,16,21836892726.804035,5.624926071337364e-16,0.0
A(i),1.0,10,100,1000,1000,13,2,0.8035,0.812,0.795,0.06127075336858752,0.3301808449025273,0.005383374998928048,4.82834724591024e-06,True,15,16,73446231029.49515,7.792624620033115e-16,0.0,7.573462991235261e-07,True,16,16,55990702646.95503,1.232486770364975e-15,0.0
A(i),1.0,10,100,1000,1000,14,2,0.8055,0.788,0.823,0.07268062850614081,0.08221873278150807,0.004532167004072107,2.952565549708387e-06,True,15,16,48609417075.29227,7.881957061058429e-16,0.0,5.996203245492161e-06,True,16,16,112322371400.37943,5.766037242033771e-16,0.0
A(i),1.0,10,100,1000,1000,15,2,0.8075,0.771,0.844,0.15570299908119575,0.10134830354349648,0.004943624997395091,7.696525384979739e-06,True,16,16,1042588626455.4019,8.701383556895119e-16,0.0,4.359376003910396e-06,True,16,16,239187621902.48297,7.165523111872345e-16,0.0
A(i),1.0,10,100,1000,1000,16,2,0.7995,0.809,0.79,0.045738881429947996,0.2000927615563412,0.004992083006072789,8.210543428539931e-07,True,15,16,71490747042.72346,1.013848789628336e-15,0.0,2.4968651263343016e-06,True,16,16,248020976175.2965,1.7899464650660305e-15,0.0
A(i),1.0,10,100,1000,1000,17,2,0.802,0.752,0.852,0.052187174403284665,0.095213128612489,0.004666250009904616,2.265295443747925e-06,True,16,16,1334739911220.177,8.805129779978795e-16,0.0,6.64632660986404e-07,True,16,16,50489188347.19689,8.986973459954285e-16,0.0
A(i),1.0,10,100,1000,1000,18,2,0.805,0.786,0.824,0.20882250207012285,0.05697723739019086,0.0050365000060992315,3.4682244652962076e-06,True,16,16,6521496929039.94,1.5198004019454778e-15,0.0,5.744601856352338e-06,True,16,16,31327753339.82019,6.423705982382433e-16,0.0
A(i),1.0,10,100,1000,1000,19,2,0.7965,0.792,0.801,0.0968119671030639,0.282407222759205,0.004617625003447756,4.158010161329426e-06,True,15,16,139735343341.41833,1.0393945251651834e-15,0.0,6.14583825959792e-07,True,16,16,232576276488.28757,8.824068826927373e-16,0.0
A(i),1.0,10,100,1000,1000,20,2,0.7995,0.78,0.819,0.10274423065800174,0.09362023204611877,0.004762583004776388,3.0470732729355306e-06,True,15,16,16454550154.033422,1.0144520901972266e-15,0.0,4.238819885663353e-06,True,16,16,78943934863.87321,1.4438397065255902e-15,0.0
A(i),1.0,10,100,1000,1000,21,2,0.8045,0.798,0.811,0.12146435733241814,0.09641112393412599,0.0047997500078054145,4.1981051168819765e-06,True,16,16,66477196681.95647,1.1532533855408057e-15,0.0,1.5006961075240587e-06,True,16,16,254904995245.72125,7.398099750539578e-16,0.0
A(i),1.0,10,100,1000,1000,22,2,0.814,0.787,0.841,0.05097800642363818,0.1659977711885931,0.004727667008410208,3.276376106272415e-06,True,16,16,914098322297.0984,1.1910193989956817e-15,0.0,2.106888237304371e-06,True,16,16,189355465438.07922,9.760176155696693e-16,0.0
A(i),1.0,10,100,1000,1000,23,2,0.803,0.769,0.837,0.1189277546993649,0.1660008486991766,0.0047586669970769435,4.874843621301769e-07,True,16,16,2125855121364.3494,1.4472772606360572e-15,0.0,1.1370201568406634e-06,True,16,16,92392059258.50444,3.412130768660465e-16,0.0
A(i),1.0,10,100,1000,1000,24,2,0.8235,0.783,0.864,0.1158410680819874,0.13459826376492498,0.0048201669997069985,3.675701720509254e-07,True,16,16,3325665695066.3604,1.5493645071351169e-15,0.0,6.219472140902691e-06,True,16,16,194366189949.8093,8.666112509562486e-16,0.0
A(i),1.0,10,100,1000,1000,25,2,0.7965,0.767,0.826,0.0963725207718628,0.1258444368293651,0.005136749998200685,1.8237390064919468e-06,True,16,16,584056560726.357,8.073962138668585e-16,0.0,8.991787600608934e-06,True,16,16,171232763751.86047,1.3578809946061388e-15,0.0
A(i),1.0,10,100,1000,1000,26,2,0.784,0.804,0.764,0.06587636921604227,0.06830099861466066,0.004758374998345971,5.112743183422117e-06,True,16,16,151862257543.33002,1.873562647564683e-15,0.0,3.254513113400066e-06,True,16,16,9783815352.165812,1.4215270802132551e-15,0.0
A(i),1.0,10,100,1000,1000,27,2,0.8065,0.783,0.83,0.17277403956201612,0.15757563756785511,0.004915917001198977,2.729474291537782e-06,True,16,16,733160085048.3579,3.9365812214265746e-16,0.0,2.526001025854137e-06,True,16,16,216723939250.77597,1.9227646018081297e-16,0.0
A(i),1.0,10,100,1000,1000,28,2,0.7905,0.801,0.78,0.08810235026264221,0.15532559383466432,0.004761875010444783,1.173173173492435e-06,True,16,16,1648006874396.467,8.037385614219354e-16,0.0,1.580022734367328e-06,True,16,16,123324959527.43364,6.103053788441932e-16,0.0
A(i),1.0,10,100,1000,1000,29,2,0.801,0.815,0.787,0.05403144262479014,0.061008837069799884,0.004807125005754642,1.1323295999617679e-06,True,16,16,608977331839.5687,3.2843146329661504e-16,0.0,1.6530817375387685e-06,True,16,16,85110889027.06332,1.406472265027587e-15,0.0
A(i),1.0,10,100,1000,1000,30,2,0.798,0.76,0.836,0.06065690793749887,0.2109744472695611,0.0048500409902771935,2.437586234410567e-06,True,16,16,2380691780342.227,1.1236625887157066e-15,0.0,1.2347899844561341e-06,True,16,16,32025767759.538345,6.346307977748766e-16,0.0
A(i),1.0,10,100,1000,1000,31,2,0.8175,0.814,0.821,0.06934413181484282,0.11388094123682531,0.00467412501166109,2.2377258115276595e-06,True,16,16,5219941852255.69,7.381795929074398e-16,0.0,5.521908941390553e-06,True,16,16,28452634966.323406,7.918048250949897e-16,0.0
A(i),1.0,10,100,1000,1000,32,2,0.8145,0.802,0.827,0.07021698058534824,0.23637870726257135,0.00477487500756979,7.49133586165696e-07,True,16,16,108736989470.65074,2.0437240562477134e-15,0.0,1.9274295318693e-06,True,16,16,812991361230.2382,1.3170587348505012e-15,0.0
A(i),1.0,10,100,1000,1000,33,2,0.796,0.794,0.798,0.07733905309446228,0.06367472314067506,0.004892166994977742,2.153954996746008e-06,True,16,16,5245186662122.399,6.156613399173055e-16,0.0,8.663508535742899e-06,True,16,16,98535237679.27249,4.0989431473176876e-16,0.0
A(i),1.0,10,100,1000,1000,34,2,0.823,0.814,0.832,0.0836706067099901,0.12366902787055913,0.004861416004132479,9.94437743071147e-07,True,16,16,293616912188.24713,2.6532076228223943e-16,0.0,4.419472631773856e-06,True,16,16,52643923664.02967,9.636768334148354e-16,0.0
A(i),1.0,10,100,1000,1000,35,2,0.806,0.776,0.836,0.040568636170195904,0.27035519012333753,0.004759208008181304,1.4796342352785247e-06,True,16,16,1100839545280.5994,1.0551541776263367e-15,0.0,2.0479027710907336e-06,True,16,16,1126756399992.1763,8.037339580643262e-16,0.0
A(i),1.0,10,100,1000,1000,36,2,0.8015,0.819,0.784,0.046012437605856556,0.41490152763689164,0.00501016600173898,3.595795183392197e-06,True,16,16,1716553048686.7266,1.1601381268508863e-15,0.0,5.833097912213481e-06,True,16,16,55990908501.44885,1.2741650686245655e-15,0.0
A(i),1.0,10,100,1000,1000,37,2,0.8155,0.773,0.858,0.054983545532645055,0.12152498919690966,0.004717124989838339,3.0395603020549384e-06,True,16,16,634290946675.3442,1.9171247725582712e-16,0.0,1.111334014355402e-06,True,16,16,60392365519.11476,1.4916297516404218e-15,0.0
A(i),1.0,10,100,1000,1000,38,2,0.7945,0.768,0.821,0.09617443375887672,0.20938636690377926,0.004708124994067475,9.016056705696593e-07,True,16,16,501262465230.8026,1.393531287999304e-15,0.0,3.6973555755757603e-06,True,16,16,241979483424.79453,3.779262404152685e-16,0.0
A(i),1.0,10,100,1000,1000,39,2,0.79,0.766,0.814,0.1838406203862472,0.16304673564500222,0.004546708005364053,1.4670642118139408e-06,True,16,16,185119331751.5255,1.6296421540061605e-15,0.0,5.270756899663382e-07,True,16,16,92257649787.24796,8.492121584530508e-16,0.0
A(i),1.0,10,100,1000,1000,40,2,0.797,0.758,0.836,0.09504348093791457,0.05027248846557391,0.004577291998430155,1.9488163791638417e-06,True,16,16,248510914092.58594,7.851618509356025e-16,0.0,4.654303223119031e-06,True,16,16,93973562752.6426,4.4209565137150693e-16,0.0
A(i),1.0,10,100,1000,1000,41,2,0.8215,0.783,0.86,0.11187462354695214,0.05797106649982461,0.004884458001470193,2.055635162702102e-06,True,16,16,649165540745.8433,8.063731357742246e-16,0.0,3.450790268948909e-06,True,16,16,128234022980.53644,9.763236992950374e-16,0.0
A(i),1.0,10,100,1000,1000,42,2,0.7975,0.758,0.837,0.0657936137855631,0.11177826047906396,0.0048062499990919605,1.446151822556959e-06,True,16,16,1672413581154.179,1.1614480691140024e-15,0.0,9.099738871381053e-06,True,16,16,255077701853.6971,6.724369272813403e-16,0.0
A(i),1.0,10,100,1000,1000,43,2,0.805,0.799,0.811,0.1945526780997157,0.07370670099412717,0.004735666996566579,2.0750604127077712e-06,True,16,16,730705639958.4695,8.122235678897849e-16,0.0,8.396586562350397e-06,True,16,16,44669198775.585976,1.3534750046509704e-15,0.0
A(i),1.0,10,100,1000,1000,44,2,0.805,0.766,0.844,0.0843929110318107,0.21669698458192344,0.0047030839923536405,2.087717355466045e-06,True,16,16,4646849968614.689,8.869255672098891e-16,0.0,3.771059090995084e-06,True,16,16,72837742468.14801,1.5499385812930741e-15,0.0
A(i),1.0,10,100,1000,1000,45,2,0.797,0.804,0.79,0.040194814711821604,0.33990671599590994,0.004528334000497125,6.219133994781649e-06,True,16,16,569369353541.2365,4.996952390639494e-16,0.0,9.339343499972071e-06,True,16,16,271778253907.16272,1.8161459892780145e-15,0.0
A(i),1.0,10,100,1000,1000,46,2,0.812,0.796,0.828,0.057929150413673844,0.1382039603072359,0.00482570800522808,7.48664462149604e-07,True,16,16,659445370701.5778,8.366004473607534e-16,0.0,2.1118400422608023e-06,True,16,16,98267794815.80167,8.605093471850191e-16,0.0
A(i),1.0,10,100,1000,1000,47,2,0.7935,0.751,0.836,0.048060586226187536,0.06983135116217866,0.0046725420106668025,3.873301959884675e-06,True,16,16,321560687455.83966,4.799532177272108e-16,0.0,7.979481348564805e-07,True,16,16,44330204877.32755,7.932093499572089e-16,0.0
A(i),1.0,10,100,1000,1000,48,2,0.811,0.816,0.806,0.03544257963428806,0.14088671603809347,0.004888416005996987,4.515860146838958e-06,True,16,16,2514464480335.951,5.911933650813538e-16,0.0,9.433783202331242e-06,True,16,16,21225300860.902584,1.3241974764077779e-15,0.0
A(i),1.0,10,100,1000,1000,49,2,0.8175,0.782,0.853,0.06873201302452657,0.0713029636833176,0.004665417000069283,1.6211179339082118e-06,True,16,16,5339645158286.19,9.719067020480772e-16,0.0,1.4310951162280859e-06,True,16,16,32266512545.729637,1.0621387189940333e-15,0.0
A(i),1.0,10,1000,1000,1000,0,2,0.818,0.78,0.856,0.02314057454296739,0.044429077293197464,0.0065822500037029386,1.8641479798101664e-07,True,16,16,4581752385519.485,1.3437188283406892e-15,0.0,8.505414335156616e-07,True,16,16,540212413965.53955,5.265937411328832e-16,0.0
A(i),1.0,10,1000,1000,1000,1,2,0.8035,0.802,0.805,0.01985454672961655,0.06183154475648769,0.00699433300178498,1.834568646433518e-07,True,16,16,6645301964947.442,1.2674737539518882e-15,0.0,4.43161005533649e-07,True,16,16,394487926099.56635,1.6220898324122944e-15,0.0
A(i),1.0,10,1000,1000,1000,2,2,0.8,0.781,0.819,0.016361058704920578,0.057261101598545215,0.006648750000749715,4.242909382877298e-08,True,16,16,5343462801405.81,1.2232708135071311e-15,0.0,6.10104036800907e-07,True,16,16,3369419529412.3276,1.1385310931395792e-15,0.0
A(i),1.0,10,1000,1000,1000,3,2,0.802,0.803,0.801,0.02332534789825812,0.07954825601427483,0.007355041991104372,1.0458841546699648e-07,True,15,16,132056452800.2752,1.1862706678663686e-15,0.0,4.311303529324237e-07,True,16,16,367460768079.71747,3.843094163686798e-16,0.0
A(i),1.0,10,1000,1000,1000,4,2,0.7835,0.784,0.783,0.014842826155749335,0.08266911648864206,0.00673283300420735,1.2566822783912448e-07,True,16,16,3732297887665.721,1.2498330625380555e-15,0.0,8.842207281302194e-07,True,16,16,532408719357.6559,2.3298093571136244e-16,0.0
A(i),1.0,10,1000,1000,1000,5,2,0.797,0.78,0.814,0.020248950122593267,0.056264236866331245,0.0076221250055823475,6.593716821523704e-07,True,16,16,5122962126267.4795,1.1581936200961544e-15,0.0,2.837991207000119e-07,True,16,16,560570016490.6282,2.807970086414967e-15,0.0
A(i),1.0,10,1000,1000,1000,6,2,0.8115,0.801,0.822,0.01968172778301268,0.06464671300050444,0.006884540998726152,1.6521724029532067e-07,True,16,16,6362320809525.824,1.3650907779725292e-15,0.0,5.92270108879983e-07,True,16,16,1121788415052.8584,1.0392382024295477e-15,0.0
A(i),1.0,10,1000,1000,1000,7,2,0.802,0.776,0.828,0.022001409339534622,0.05361119860357926,0.006800000002840534,3.094447244195895e-07,True,16,16,1126110857226.5996,1.1383214827708158e-15,0.0,1.021673537264084e-06,True,16,16,1526440069306.4373,1.4738274757557753e-15,0.0
A(i),1.0,10,1000,1000,1000,8,2,0.8135,0.799,0.828,0.021283502370446995,0.061532855303329005,0.006773834000341594,2.3383471091315108e-07,True,15,16,276520817262.48975,2.0851304653278845e-16,0.0,5.018972372998063e-07,True,16,16,380158596985.0794,5.354757830948202e-16,0.0
A(i),1.0,10,1000,1000,1000,9,2,0.803,0.797,0.809,0.03315969913416652,0.054183453326270364,0.007806624998920597,1.4960839062925094e-07,True,16,16,4688657859884.47,1.6386868945952329e-15,0.0,7.147237385910609e-07,True,16,16,3426365501314.4907,8.503345966954858e-16,0.0
A(i),1.0,10,1000,1000,1000,10,2,0.815,0.792,0.838,0.021836702633547155,0.050565376433171424,0.006650166993495077,1.709122574600215e-07,True,16,16,2502427548292.5264,9.856495108589512e-16,0.0,4.0393576657959245e-07,True,16,16,1825885217654.17,7.007817588727054e-16,0.0
A(i),1.0,10,1000,1000,1000,11,2,0.801,0.778,0.824,0.015222657731829282,0.056691715120552245,0.006809540995163843,8.605300039583504e-07,True,16,16,2292230404914.946,9.736735671302432e-16,0.0,4.921341413336441e-07,True,16,16,1626718009053.251,1.0823704804141313e-15,0.0
A(i),1.0,10,1000,1000,1000,12,2,0.809,0.781,0.837,0.03943561615834784,0.05350417357831522,0.006719291995977983,1.0444446609721707e-07,True,16,16,5764925037192.2,2.3214835628469483e-15,0.0,6.974631230200923e-07,True,16,16,432898674806.7079,1.0385232806371933e-15,0.0
A(i),1.0,10,1000,1000,1000,13,2,0.814,0.794,0.834,0.027386795029128642,0.06273426445016365,0.006638708000537008,4.888351582626316e-07,True,16,16,4392571874855.3213,4.2667552039156647e-16,0.0,5.266059705274644e-07,True,16,16,1453705145350.5427,5.066171195895038e-16,0.0
A(i),1.0,10,1000,1000,1000,14,2,0.8085,0.801,0.816,0.024155473225008647,0.05031001924746883,0.006782416006899439,1.7799295887824093e-07,True,15,16,617717562792.9326,1.0443891061307997e-15,0.0,1.1306325431575645e-06,True,16,16,1642385634751.078,1.1256472233102398e-15,0.0
A(i),1.0,10,1000,1000,1000,15,2,0.788,0.788,0.788,0.019639607832105468,0.05703466593189098,0.006958459009183571,8.31542300110692e-08,True,15,16,180421809495.08292,4.517272069475965e-16,0.0,5.593446601471384e-07,True,16,16,458233228322.79913,6.858160383491425e-16,0.0
A(i),1.0,10,1000,1000,1000,16,2,0.802,0.769,0.835,0.019353168503793493,0.07122999974258173,0.007027290994301438,8.964708841319602e-07,True,16,16,2856416341740.827,1.0306105143811014e-15,0.0,6.217858555932726e-07,True,16,16,727191877009.1644,3.1704313194688865e-16,0.0
A(i),1.0,10,1000,1000,1000,17,2,0.82,0.799,0.841,0.02950576429261825,0.06892244747958302,0.007861958001740277,1.0984860430487285e-07,True,15,16,1232928016119.6584,1.1930664474556951e-15,0.0,4.599622753428528e-07,True,16,16,950903139582.3959,8.106011837825376e-16,0.0
A(i),1.0,10,1000,1000,1000,18,2,0.797,0.792,0.802,0.023400595028338272,0.06800364766851197,0.0067021660070167854,1.6908250105407712e-07,True,15,16,424797436373.36145,1.0635533585056912e-15,0.0,7.97776512309041e-07,True,16,16,184439465206.87402,1.0816835781377006e-15,0.0
A(i),1.0,10,1000,1000,1000,19,2,0.8085,0.785,0.832,0.02311010071103246,0.06919602351509281,0.007223166001494974,6.894896916076258e-07,True,16,16,4964601779816.341,7.210229707813076e-16,0.0,1.0457819126036959e-06,True,16,16,498605168366.8434,9.175184938235057e-16,0.0
A(i),1.0,10,1000,1000,1000,20,2,0.811,0.812,0.81,0.029368043206535157,0.08294508148407577,0.007016458010184579,3.421949818856231e-07,True,16,16,3205328206303.476,1.5327995265059902e-15,0.0,2.7403503940691694e-07,True,16,16,446424090573.8913,4.764694171079871e-16,0.0
A(i),1.0,10,1000,1000,1000,21,2,0.804,0.785,0.823,0.024914487444439515,0.07952165688749072,0.006663207997917198,8.43570195812733e-07,True,15,16,263749549083.8355,1.3692973729636713e-16,0.0,6.428286060345577e-07,True,16,16,854888740684.2368,5.845335742049881e-16,0.0
A(i),1.0,10,1000,1000,1000,22,2,0.811,0.808,0.814,0.026115123012755793,0.05532428470817375,0.0065009590034605935,4.1863477967000725e-07,True,15,16,228662081558.25552,1.089762511391429e-15,0.0,4.2913886158838475e-07,True,16,16,365540879829.63104,9.323325882626532e-16,0.0
A(i),1.0,10,1000,1000,1000,23,2,0.8095,0.803,0.816,0.022862834705196157,0.062251496683878575,0.006565875009982847,9.147848077438721e-07,True,16,16,5478568862318.577,5.761975763110495e-16,0.0,7.341757678002159e-07,True,16,16,1390900303431.9336,7.24663762195591e-16,0.0
A(i),1.0,10,1000,1000,1000,24,2,0.8135,0.806,0.821,0.028196718096201015,0.06917487526558921,0.006729000000632368,2.189822009593689e-07,True,15,16,180973184528.74997,9.800750638330351e-16,0.0,4.932153057866335e-07,True,16,16,365249924426.63837,1.1794282204745616e-15,0.0
A(i),1.0,10,1000,1000,1000,25,2,0.7945,0.785,0.804,0.023827001899686538,0.05948353821865287,0.006768958002794534,6.417485560622045e-07,True,16,16,3683095177473.2334,2.531497270447577e-16,0.0,9.589233070711213e-07,True,16,16,1733327911508.288,8.056235876846781e-16,0.0
A(i),1.0,10,1000,1000,1000,26,2,0.791,0.791,0.791,0.026004602926069192,0.10193079442363197,0.007590082997921854,1.1392815026634185e-06,True,16,16,3264214494110.6323,2.091466754496867e-15,0.0,4.4781965306642e-07,True,15,16,2466256223315.8506,3.8270361379062217e-16,0.0
A(i),1.0,10,1000,1000,1000,27,2,0.8085,0.798,0.819,0.028104350655211136,0.05676971899525467,0.006963624997297302,6.167763850551479e-07,True,15,16,320848626985.2001,2.534954831793125e-16,0.0,7.299858299263755e-07,True,16,16,1290953788120.9543,1.0310465821166823e-15,0.0
A(i),1.0,10,1000,1000,1000,28,2,0.802,0.788,0.816,0.021630455483173976,0.06314819223145286,0.007040249998681247,8.24611237233365e-08,True,15,16,601168072910.7214,5.416789365996609e-16,0.0,1.21521158487976e-06,True,16,16,890595506215.5057,9.342313922879739e-16,0.0
A(i),1.0,10,1000,1000,1000,29,2,0.797,0.787,0.807,0.024939537645017572,0.04862252067755795,0.006581666006240994,1.4813771612581206e-07,True,16,16,4992890145723.956,9.517845696242417e-16,0.0,5.091230219849008e-07,True,16,16,260556393802.0264,5.16141368862248e-16,0.0
A(i),1.0,10,1000,1000,1000,30,2,0.8235,0.825,0.822,0.019025176079408897,0.05232297662374832,0.007189625001046807,3.676009333283146e-07,True,16,16,5411795338324.649,7.725199820445876e-16,0.0,5.204711350027306e-07,True,16,16,1873233586103.397,4.0400228822010146e-16,0.0
A(i),1.0,10,1000,1000,1000,31,2,0.7965,0.769,0.824,0.018441654271929946,0.07345742010522911,0.006881332999910228,1.0918234956301557e-07,True,15,16,942469371842.9852,1.0525763340505658e-15,0.0,4.524375842633985e-07,True,16,16,3251100067443.0244,9.117733420377153e-16,0.0
A(i),1.0,10,1000,1000,1000,32,2,0.8135,0.792,0.835,0.01941057115055283,0.05507754818634151,0.008345833994098939,8.874045740287911e-07,True,16,16,4544639931167.256,1.4029756066421926e-15,0.0,2.404952602108725e-07,True,16,16,280051780081.62915,6.03655915515409e-16,0.0
A(i),1.0,10,1000,1000,1000,33,2,0.8025,0.774,0.831,0.0224305570716558,0.04934306195013224,0.007764499998302199,1.092023256218077e-06,True,15,16,186738388687.87344,4.806928874985277e-16,0.0,6.324101042022872e-07,True,16,16,490165117972.98895,3.710441284838771e-16,0.0
A(i),1.0,10,1000,1000,1000,34,2,0.7925,0.777,0.808,0.022565545258329867,0.05194871481859047,0.0071817920106695965,5.1326168820915024e-08,True,15,16,299801487629.6922,6.111430115524112e-16,0.0,7.745392873425573e-07,True,16,16,557354693628.0105,8.822190323504938e-16,0.0
A(i),1.0,10,1000,1000,1000,35,2,0.81,0.774,0.846,0.019892063385559086,0.05511748705185522,0.0065925420058192685,9.66828543797435e-07,True,16,16,3107579246285.3315,5.923631112239097e-16,0.0,8.956340059926446e-07,True,16,16,961082968146.9646,1.0211966257519372e-15,0.0
A(i),1.0,10,1000,1000,1000,36,2,0.8,0.766,0.834,0.02018465025214037,0.05963766979723857,0.006794584012823179,7.70172854406018e-08,True,15,16,1232997323561.0117,1.0749702159698593e-15,0.0,6.94811689895182e-07,True,16,16,106887260242.00096,2.215810125604423e-15,0.0
A(i),1.0,10,1000,1000,1000,37,2,0.8175,0.798,0.837,0.019426289068508133,0.06537330344143044,0.007872540998505428,1.4027107506606053e-07,True,15,16,249875099315.20813,1.080683557374621e-15,0.0,6.067374391623267e-07,True,16,16,1527551598764.0457,1.6109588884617321e-15,0.0
A(i),1.0,10,1000,1000,1000,38,2,0.806,0.777,0.835,0.024690588379276058,0.056813598343009905,0.006768957988242619,1.980028638258872e-07,True,16,16,3022184674092.114,5.008799843601225e-16,0.0,9.547324124059302e-07,True,16,16,351262105643.0842,1.1299285561750184e-15,0.0
A(i),1.0,10,1000,1000,1000,39,2,0.807,0.783,0.831,0.024910923877087682,0.05148577873713907,0.006604082998819649,1.8489314767284633e-07,True,16,16,1556935215405.7856,9.883816061420578e-16,0.0,4.960652582787899e-07,True,16,16,3544608357532.7583,2.210702954855705e-15,0.0
A(i),1.0,10,1000,1000,1000,40,2,0.8205,0.812,0.829,0.02809577007551119,0.055547510696139134,0.00658687500981614,6.694403420790303e-08,True,16,16,2865685439503.7734,8.105893025847322e-16,0.0,3.7735848921544014e-07,True,16,16,491508357826.2107,1.81145871660975e-15,0.0
A(i),1.0,10,1000,1000,1000,41,2,0.8125,0.816,0.809,0.023057710345416024,0.057383778918389826,0.006706291998852976,7.047139173211629e-07,True,16,16,3752802021711.4336,1.1912922573270962e-15,0.0,3.4554895827383193e-07,True,16,16,961413209263.1412,6.951350592052158e-16,0.0
A(i),1.0,10,1000,1000,1000,42,2,0.8105,0.783,0.838,0.024921610271203348,0.04999334524802888,0.0070187500095926225,2.7532981055438186e-07,True,16,16,6089226256459.724,7.12901486090016e-16,0.0,4.466347195196013e-07,True,16,16,404918136865.8007,1.3420867699189933e-15,0.0
A(i),1.0,10,1000,1000,1000,43,2,0.8015,0.789,0.814,0.024531866165986006,0.07165871636555544,0.006971000009798445,3.349251765037628e-07,True,16,16,1192080392117.4634,1.5781076176440438e-15,0.0,1.0192088310259034e-06,True,16,16,1827288329729.8813,1.0196602457155762e-15,0.0
A(i),1.0,10,1000,1000,1000,44,2,0.8185,0.794,0.843,0.0178796546177398,0.06117145778048523,0.006746250001015142,6.148080192710753e-07,True,16,16,6593268692718.77,6.430753271282052e-16,0.0,3.594115664719133e-07,True,16,16,332011361290.9745,1.1022019288043333e-15,0.0
A(i),1.0,10,1000,1000,1000,45,2,0.83,0.841,0.819,0.03170220488959913,0.06544407891576226,0.0067353330086916685,1.5390419266045253e-07,True,15,16,294520973011.508,1.0536867554010018e-15,0.0,6.689321876849363e-07,True,16,16,5435880358852.707,1.3542694088660526e-15,0.0
A(i),1.0,10,1000,1000,1000,46,2,0.804,0.782,0.826,0.01784772092336031,0.06416488167784348,0.0068142079981043935,7.5965357796992e-07,True,16,16,4063253960085.058,4.9416305943283e-16,0.0,4.299259172065621e-07,True,16,16,630910696347.5961,8.489688863551935e-16,0.0
A(i),1.0,10,1000,1000,1000,47,2,0.8165,0.796,0.837,0.014981449336575286,0.05814713191417265,0.007806082998286001,4.789868068797799e-07,True,15,16,402035023906.2191,2.6764593003130497e-16,0.0,5.80645034958769e-07,True,16,16,1304158711055.1045,1.1966761301279426e-15,0.0
A(i),1.0,10,1000,1000,1000,48,2,0.825,0.813,0.837,0.020625347616751145,0.05682474052960341,0.00683379199472256,3.652473211443336e-07,True,16,16,4017628253429.5117,1.2021937581407734e-15,0.0,8.968904920333838e-07,True,16,16,1553371238363.0417,1.0102571753509868e-15,0.0
A(i),1.0,10,1000,1000,1000,49,2,0.809,0.805,0.813,0.031092032081865104,0.050285779482574886,0.00673974999517668,1.2176716518798138e-07,True,16,16,4961297661634.4795,1.1950941693071016e-15,0.0,2.7583670992376274e-07,True,16,16,798249134115.1354,5.601926024986474e-16,0.0
A(i),1.0,100,100,1000,1000,0,2,0.806,0.771,0.841,0.06628691401722517,0.1610945999916847,0.02948695899976883,2.1651697876432942e-06,True,16,16,1384307463772.119,1.0525695637187827e-15,0.0,8.047759891377405e-06,True,16,16,100089726238.61256,1.4356800336946414e-15,0.0
A(i),1.0,100,100,1000,1000,1,2,0.803,0.784,0.822,0.10944871167977586,0.17345224537844467,0.02854374999878928,7.259092323719253e-07,True,16,16,6727950609706.543,1.2989154171942243e-15,0.0,2.3624282709538174e-06,True,16,16,93161630038.45085,1.0272070451153385e-15,0.0
A(i),1.0,100,100,1000,1000,2,2,0.8075,0.784,0.831,0.1572602543890921,0.09737938726309836,0.030141040988382883,2.1951643096620517e-06,True,16,16,75448221709.60187,6.569138474611271e-16,0.0,8.711429280852539e-06,True,16,16,18708426114.66627,4.624010968823616e-16,0.0
A(i),1.0,100,100,1000,1000,3,2,0.799,0.779,0.819,0.17036940388810703,0.13302645751567707,0.02951970900176093,4.141175849988318e-06,True,15,16,22897151581.237892,1.6439798598398967e-15,0.0,8.592020884472938e-06,True,16,16,97836582026.63396,2.773367716853971e-15,0.0
A(i),1.0,100,100,1000,1000,4,2,0.8035,0.836,0.771,0.06857200573760688,0.30284297219063716,0.029155708994949237,7.610968556077073e-07,True,16,16,1404734890015.6272,8.81620691863111e-16,0.0,4.045818156773517e-06,True,16,16,43577817391.503265,6.783051906386982e-16,0.0
A(i),1.0,100,100,1000,1000,5,2,0.7985,0.741,0.856,0.059057390872707505,0.0716119353354784,0.02907624999352265,6.759832106728436e-07,True,16,16,298161414161.26904,6.94913691353914e-16,0.0,6.192849708840632e-06,True,16,16,47637968983.33878,3.167519270930433e-15,0.0
A(i),1.0,100,100,1000,1000,6,2,0.804,0.748,0.86,0.027760235637243613,0.1442807893457761,0.030577917001210153,3.3630216851080827e-06,True,16,16,249604394109.07343,1.485693588598519e-15,0.0,1.9741444796131413e-06,True,16,16,39071942476.73808,3.737188217227136e-16,0.0
A(i),1.0,100,100,1000,1000,7,2,0.788,0.743,0.833,0.08441617839585952,0.2066375627262163,0.029286667006090283,6.249906689487302e-07,True,16,16,360401834433.7888,1.313425769999788e-15,0.0,1.8483259708741868e-06,True,16,16,80619786396.68149,3.88028851257003e-16,0.0
A(i),1.0,100,100,1000,1000,8,2,0.786,0.761,0.811,0.07132203914252222,0.20394016443541807,0.030074875001446344,8.36375977599212e-07,True,16,16,1329393561600.2705,1.1682251516806336e-15,0.0,2.6334534306120424e-06,True,16,16,29649204018.086872,2.0772068815175643e-15,0.0
A(i),1.0,100,100,1000,1000,9,2,0.801,0.787,0.815,0.17893394324450845,0.11524061779362166,0.02942170800815802,3.5659110892644444e-06,True,16,16,1076296234667.907,1.351861141462919e-15,0.0,1.8509221581000383e-05,True,16,16,72739154090.05185,7.287879304733918e-16,0.0
A(i),1.0,100,100,1000,1000,10,2,0.8055,0.824,0.787,0.024059280084081466,0.4338993855665445,0.030063833997701295,3.5253890584625868e-06,True,16,16,418239943709.4439,9.802572344312575e-16,0.0,1.1918194521016675e-05,True,16,16,369285738536.7298,3.493052736010033e-16,0.0
A(i),1.0,100,100,1000,1000,11,2,0.8105,0.777,0.844,0.09413134534112622,0.12693088294094404,0.03008870899793692,1.814575332931839e-06,True,16,16,2783054010895.9355,8.723727099676689e-16,0.0,2.478251813296282e-06,True,16,16,92861647574.7533,7.493802572294604e-16,0.0
A(i),1.0,100,100,1000,1000,12,2,0.812,0.76,0.864,0.1308240398763971,0.09260901307676558,0.029201415993156843,3.6952672382032464e-06,True,16,16,3189290631504.73,1.0821480354817301e-15,0.0,3.1415308529128406e-06,True,16,16,12452333594.764736,1.7307150378120493e-15,0.0
A(i),1.0,100,100,1000,1000,13,2,0.8125,0.768,0.857,0.12094620974536534,0.06781373132074153,0.029116082994733006,1.6154524242200043e-06,True,16,16,147447191806.55685,7.8051731844773335e-16,0.0,2.0574875111083197e-06,True,16,16,65057135247.00446,9.654748001239052e-16,0.0
A(i),1.0,100,100,1000,1000,14,2,0.8035,0.783,0.824,0.06075310421330938,0.08196646422729983,0.02901258300698828,1.3240629453799602e-06,True,16,16,4262660373946.9316,7.906834039657015e-16,0.0,1.250429894586371e-05,True,16,16,49912466036.67763,8.763874127974753e-16,0.0
A(i),1.0,100,100,1000,1000,15,2,0.7965,0.833,0.76,0.0739319720834704,0.20355703658841923,0.02928645799693186,3.5131782423917207e-06,True,16,16,3898825604918.4165,8.029476012077809e-16,0.0,6.983254065139489e-06,True,16,16,53403412969.381325,1.0658831131994482e-15,0.0
A(i),1.0,100,100,1000,1000,16,2,0.7905,0.774,0.807,0.10383965560350752,0.1822952566695955,0.029783874997519888,4.023948655726487e-06,True,16,16,4247399924632.521,4.937121934518882e-16,0.0,1.0016456295360447e-05,True,16,16,48731934596.25781,2.7116266925507536e-16,0.0
A(i),1.0,100,100,1000,1000,17,2,0.8065,0.795,0.818,0.05468380401513228,0.20092082519524837,0.030479833993013017,2.0117264651981027e-06,True,16,16,1317480858623.2856,1.3449687966168013e-15,0.0,1.7991368119189886e-05,True,16,16,80212817247.8956,5.538248312378321e-16,0.0
A(i),1.0,100,100,1000,1000,18,2,0.8165,0.766,0.867,0.11757980378978977,0.09404143106917716,0.029067791998386383,1.3380898293348683e-06,True,16,16,1385344597061.9814,7.09777400901759e-16,0.0,8.251593903843096e-06,True,16,16,77659768780.50555,4.3737357779441915e-16,0.0
A(i),1.0,100,100,1000,1000,19,2,0.816,0.818,0.814,0.03028101636983488,0.11081288797525894,0.02859929099213332,1.4239512978280667e-06,True,16,16,203819918738.38104,1.2818427491376348e-15,0.0,7.608400533317833e-07,True,16,16,37560684914.24853,1.3129345603620919e-15,0.0
A(i),1.0,100,100,1000,1000,20,2,0.793,0.75,0.836,0.03621301100742718,0.08608790820780783,0.02935670800798107,3.391090449838367e-06,True,16,16,255793176363.5529,7.923046728430024e-16,0.0,7.059504926213858e-06,True,16,16,66179431465.51063,1.135425331026767e-15,0.0
A(i),1.0,100,100,1000,1000,21,2,0.8245,0.798,0.851,0.06862181837167335,0.36463628230252465,0.029252833002828993,2.8622600039975807e-06,True,16,16,839054869561.6982,9.34036451079007e-16,0.0,1.0069690190908401e-05,True,16,16,368061433979.69775,8.219860170797273e-16,0.0
A(i),1.0,100,100,1000,1000,22,2,0.7965,0.812,0.781,0.14653102668672102,0.29144923809934087,0.029253499989863485,4.2295656779906466e-06,True,16,16,740807291970.9868,1.219571186147629e-15,0.0,1.4005397459562779e-05,True,16,16,105864961416.37645,5.111737223268716e-16,0.0
A(i),1.0,100,100,1000,1000,23,2,0.8165,0.773,0.86,0.0892624466787468,0.09827244681336324,0.029478083000867628,1.6942812058308935e-06,True,16,16,3144183471695.101,9.221879109160242e-16,0.0,3.92692507247492e-06,True,16,16,57330564428.578926,7.797438267276185e-16,0.0
A(i),1.0,100,100,1000,1000,24,2,0.784,0.745,0.823,0.30948722650359184,0.3453908638846215,0.02931912500935141,7.180347086657012e-06,True,15,16,269266576181.865,1.358938179099352e-15,0.0,2.712846384528061e-06,True,16,16,100495468080.46515,7.048712087741632e-16,0.0
A(i),1.0,100,100,1000,1000,25,2,0.802,0.784,0.82,0.042206892587854955,0.0714748888306675,0.028852542003733106,4.7081756951472394e-06,True,16,16,422850927896.4813,8.695572060484412e-16,0.0,4.387612613321976e-06,True,16,16,33970579945.388493,7.11494472562937e-16,0.0
A(i),1.0,100,100,1000,1000,26,2,0.7915,0.801,0.782,0.06618112008470545,0.11714525407394771,0.028612583002541214,6.093115979982599e-06,True,16,16,147794677978.01477,1.6303662835943244e-15,0.0,6.67607339573436e-06,True,16,16,102884831922.59389,7.416298215244355e-16,0.0
A(i),1.0,100,100,1000,1000,27,2,0.827,0.831,0.823,0.03626270165482361,0.22988631779111682,0.02867054200032726,1.102822446072219e-06,True,16,16,386139373386.5714,1.099146474624903e-15,0.0,4.540528620182164e-06,True,16,16,161840396640.23007,1.2520142149666941e-15,0.0
A(i),1.0,100,100,1000,1000,28,2,0.8,0.794,0.806,0.07977331145251894,0.16124904391883024,0.03036266699200496,1.6125605237046421e-06,True,16,16,133923501554.8187,7.548832310600526e-16,0.0,6.9415129613903e-06,True,16,16,154153496119.1671,6.687913161402052e-16,0.0
A(i),1.0,100,100,1000,1000,29,2,0.782,0.725,0.839,0.06297651626737749,0.1874825796062951,0.02885495800001081,1.0451518758020515e-06,True,16,16,1849752978079.3293,9.417305673696645e-16,0.0,5.869320284910907e-06,True,16,16,38419574587.41283,8.047011956413253e-16,0.0
A(i),1.0,100,100,1000,1000,30,2,0.8005,0.822,0.779,0.10198758252716508,0.32074170484839937,0.029161124999518506,1.5920030137525083e-06,True,16,16,5604588232376.45,1.2733031044407282e-15,0.0,3.860568202960926e-06,True,16,16,89744539841.55814,1.1438715302129683e-15,0.0
A(i),1.0,100,100,1000,1000,31,2,0.8125,0.789,0.836,0.05348148195416521,0.0933581565764405,0.030297458011773415,1.2317736301561562e-05,True,16,16,476520894292.01624,9.668989599581192e-16,0.0,7.332700481531402e-06,True,16,16,128076769201.25328,6.962217771475476e-16,0.0
A(i),1.0,100,100,1000,1000,32,2,0.803,0.744,0.862,0.07689049396872491,0.41962851407969753,0.029924834001576528,2.9072640562059105e-06,True,16,16,2442981123536.2354,1.1466303595760967e-15,0.0,3.7336921006748753e-06,True,16,16,136902573235.8538,7.401325409552761e-16,0.0
A(i),1.0,100,100,1000,1000,33,2,0.792,0.771,0.813,0.10636950806692279,0.1154565388140824,0.03004441699886229,2.6703283082679244e-06,True,16,16,1130473686358.3452,1.1889278648225199e-15,0.0,7.16944011339758e-06,True,16,16,28698564542.10029,5.090157072124532e-16,0.0
A(i),1.0,100,100,1000,1000,34,2,0.814,0.794,0.834,0.029824188785649356,0.16661801119277087,0.030474790997686796,5.030753723555021e-06,True,16,16,77896825283.31091,1.1772751107266002e-15,0.0,1.3629608177740033e-05,True,16,16,53339561072.927124,1.834641941847132e-15,0.0
A(i),1.0,100,100,1000,1000,35,2,0.8,0.8,0.8,0.1001849875058343,0.13151114172116685,0.03077237500110641,5.500594597104917e-06,True,16,16,117484990978.21819,6.198122660274859e-16,0.0,3.887058342853186e-06,True,16,16,37839908199.1549,6.868840817126258e-16,0.0
A(i),1.0,100,100,1000,1000,36,2,0.8085,0.781,0.836,0.08286686657108336,0.11933320896867718,0.03012341700377874,1.2364186283249328e-06,True,16,16,1150391833769.501,1.919886073064445e-15,0.0,1.545531659783495e-06,True,16,16,98183778245.3475,7.464908070695028e-16,0.0
A(i),1.0,100,100,1000,1000,37,2,0.8105,0.789,0.832,0.061759259597363746,0.25995947258546176,0.030416541994782165,9.06691761145933e-07,True,16,16,524678538940.18384,1.7342930322854291e-15,0.0,5.544586483836727e-06,True,16,16,58924743945.862045,6.890853454213931e-16,0.0
A(i),1.0,100,100,1000,1000,38,2,0.8075,0.826,0.789,0.1057986958235501,0.20115168674120829,0.030459792003966868,9.161211198108236e-07,True,16,16,1474572330715.1504,1.5087435687111808e-15,0.0,1.5833769757945165e-05,True,16,16,35700112440.77769,6.148104096203737e-16,0.0
A(i),1.0,100,100,1000,1000,39,2,0.803,0.805,0.801,0.08526894620639226,0.06777326973969137,0.030411792002269067,1.6209886047407392e-06,True,16,16,623479814571.7264,1.0308358451343708e-15,0.0,3.1128190140045535e-06,True,16,16,78401693936.51686,4.0711963238630154e-16,0.0
A(i),1.0,100,100,1000,1000,40,2,0.8115,0.832,0.791,0.04120194075485803,0.1590778573534966,0.030637250005383976,2.0836271299135474e-06,True,16,16,215051644558.9827,1.511383900439376e-15,0.0,2.2862458318035795e-06,True,16,16,130695987849.70483,5.372472323776425e-16,0.0
A(i),1.0,100,100,1000,1000,41,2,0.8005,0.742,0.859,0.08277914843566647,0.18265475138210185,0.02958812500583008,6.177990311034088e-06,True,16,16,2929692532344.3193,9.471293827567068e-16,0.0,3.625366058573528e-06,True,16,16,30015750034.244762,1.4629048629890806e-15,0.0
A(i),1.0,100,100,1000,1000,42,2,0.805,0.796,0.814,0.10191030858065986,0.14589169599975366,0.03003112500300631,4.238872195598482e-06,True,16,16,2914344858288.2954,7.161816109640752e-16,0.0,9.211860015344174e-06,True,16,16,20144896358.135456,2.32647568098687e-16,0.0
A(i),1.0,100,100,1000,1000,43,2,0.8015,0.792,0.811,0.19553715575583702,0.3099545894302692,0.030758292006794363,1.6149913398816595e-06,True,15,16,30329993775.505238,1.7479785429692546e-15,0.0,3.057017389792391e-06,True,16,16,71520264749.69374,5.893166014494198e-16,0.0
A(i),1.0,100,100,1000,1000,44,2,0.798,0.801,0.795,0.03069457789247612,0.17023963114738733,0.03003204100241419,3.5073826019281647e-06,True,16,16,2761783335648.2573,1.6295644852500683e-15,0.0,3.292216800998846e-06,True,16,16,44201959726.79279,1.4060146169962596e-15,0.0
A(i),1.0,100,100,1000,1000,45,2,0.8015,0.823,0.78,0.15651374941754623,0.10056547775136004,0.030267750000348315,1.1977199818089948e-06,True,15,16,14759437912.062088,1.7469376374239642e-15,0.0,1.758973022133314e-05,True,16,16,89577323975.10266,1.2686824908962336e-15,0.0
A(i),1.0,100,100,1000,1000,46,2,0.814,0.834,0.794,0.10741996057684555,0.06877342955088492,0.03081666599609889,4.998481272137428e-06,True,16,16,933432291412.9583,1.559405042607665e-15,0.0,3.844795671898942e-06,True,16,16,62951496441.97006,1.5372667586386348e-15,0.0
A(i),1.0,100,100,1000,1000,47,2,0.791,0.815,0.767,0.09963444358381032,0.2116299906544275,0.03009879200544674,4.9186843525441424e-06,True,16,16,4280006887307.873,1.2195101917852935e-15,0.0,1.9399296116238074e-06,True,16,16,300455768841.2347,9.836943459205281e-16,0.0
A(i),1.0,100,100,1000,1000,48,2,0.7855,0.743,0.828,0.03312302830722102,0.19890700968431207,0.0301035840093391,5.401568389178289e-07,True,16,16,403715013302.6226,8.027179737327543e-16,0.0,7.094313854770917e-07,True,16,16,57348177866.65933,1.02080817799022e-15,0.0
A(i),1.0,100,100,1000,1000,49,2,0.809,0.749,0.869,0.1013884306462062,0.1064911481618986,0.030562583007849753,5.714806338480522e-07,True,16,16,1906027934267.0986,8.686009759803612e-16,0.0,3.846372539901148e-06,True,16,16,42079094457.42952,8.543160678028235e-16,0.0
A(i),1.0,100,1000,1000,1000,0,2,0.8055,0.789,0.822,0.024495706948025237,0.06790040569013807,0.052588917009416036,1.403873794455335e-06,True,15,16,257963219954.6122,8.963051056173381e-16,0.0,9.743237753045817e-07,True,16,16,699914087212.6584,3.2421210864848614e-16,0.0
A(i),1.0,100,1000,1000,1000,1,2,0.8185,0.794,0.843,0.020454451533857554,0.06032994130659164,0.0530833340017125,1.977983978383537e-07,True,16,16,4938654525057.072,1.3048398866794327e-15,0.0,7.771947385587829e-07,True,16,16,290582869215.14355,1.3486385689591462e-15,0.0
A(i),1.0,100,1000,1000,1000,2,2,0.825,0.805,0.845,0.02186112363623699,0.07364003040015218,0.05728241699398495,1.4901750651475145e-07,True,16,16,4762297302523.316,1.2489792149162174e-15,0.0,1.3764864455231408e-06,True,16,16,259268034540.7272,4.752325623197426e-16,0.0
A(i),1.0,100,1000,1000,1000,3,2,0.8035,0.773,0.834,0.0401643830545904,0.07088584532906521,0.05633708299137652,9.861725152355136e-07,True,16,16,3677430768881.23,4.604549063834672e-16,0.0,9.756278749612123e-07,True,16,16,448348710840.4055,2.133572336794735e-15,0.0
A(i),1.0,100,1000,1000,1000,4,2,0.8245,0.801,0.848,0.02651263674693412,0.08840075172401622,0.054592333995969966,4.5990036393797684e-07,True,16,16,6139969355938.698,6.591362399248945e-16,0.0,1.132305915418329e-06,True,16,16,193975902357.02603,1.1667560882751136e-15,0.0
A(i),1.0,100,1000,1000,1000,5,2,0.818,0.796,0.84,0.014072946374430448,0.07683323062404959,0.05400575000385288,1.8648417945573849e-07,True,16,16,2216997021192.259,1.5703611064375122e-15,0.0,6.997994582808363e-07,True,16,16,200695862167.2452,5.994980021483979e-16,0.0
A(i),1.0,100,1000,1000,1000,6,2,0.8045,0.772,0.837,0.025526586986415634,0.07032742348916916,0.05250458299997263,6.422011417389536e-07,True,16,16,1161319169762.5435,1.7128451646785992e-15,0.0,1.0118134121866375e-06,True,16,16,241853300145.16165,8.576032940449627e-16,0.0
A(i),1.0,100,1000,1000,1000,7,2,0.812,0.813,0.811,0.01868830535189898,0.07219724166639165,0.0542225840035826,2.070349106710791e-07,True,16,16,3775276387802.089,1.1628982373180429e-15,0.0,1.203223259478826e-06,True,16,16,745439029008.758,6.73413273227174e-16,0.0
A(i),1.0,100,1000,1000,1000,8,2,0.7965,0.776,0.817,0.02243705820148208,0.06226281901360843,0.05523574999824632,5.442266287956704e-07,True,16,16,4654804400756.383,1.5735528325262491e-15,0.0,8.708322273915697e-07,True,16,16,146780820080.11755,8.850418829116321e-16,0.0
A(i),1.0,100,1000,1000,1000,9,2,0.7985,0.783,0.814,0.024189523738508748,0.06579847568236087,0.051741458009928465,2.53723717598459e-07,True,16,16,2649646249082.14,1.2413505866260765e-15,0.0,8.011465611143811e-07,True,16,16,226720684599.06583,6.449836811501762e-16,0.0
A(i),1.0,100,1000,1000,1000,10,2,0.7975,0.798,0.797,0.019312528950241138,0.06366841274623726,0.05984937500033993,1.2739786740164013e-07,True,16,16,2325353895086.34,7.766489811057352e-16,0.0,5.417164007327928e-07,True,16,16,267547444093.6507,4.508624523502493e-16,0.0
A(i),1.0,100,1000,1000,1000,11,2,0.805,0.792,0.818,0.01928787248412916,0.06762928410738624,0.05732562499179039,1.8372224947604635e-07,True,15,16,192461332244.76382,7.730286665959582e-16,0.0,1.686415346795713e-06,True,16,16,638701880796.5824,1.0477713917812387e-15,0.0
A(i),1.0,100,1000,1000,1000,12,2,0.791,0.802,0.78,0.022718618614416947,0.07396481023880982,0.058909250001306646,7.038382079533052e-07,True,16,16,4622304591820.165,5.429986243113656e-16,0.0,9.61454965878897e-07,True,16,16,429684322122.7691,2.1632548190076427e-15,0.0
A(i),1.0,100,1000,1000,1000,13,2,0.8205,0.808,0.833,0.021687854556163528,0.06783405155425999,0.05357633299718145,1.545579653311437e-06,True,16,16,6544294626033.934,1.1945059911902646e-15,0.0,8.952063862427586e-07,True,16,16,268368808545.27628,5.547076818757343e-16,0.0
A(i),1.0,100,1000,1000,1000,14,2,0.815,0.805,0.825,0.01815743965664151,0.07070551540130468,0.06246975000249222,2.3235892976076606e-07,True,16,16,2256152211722.314,8.277044590044619e-16,0.0,1.0462956541396348e-06,True,16,16,473104146133.68976,7.951108725218552e-16,0.0
A(i),1.0,100,1000,1000,1000,15,2,0.8055,0.799,0.812,0.016932849032216975,0.060251340784639854,0.05960570799652487,3.2561428848210707e-07,True,15,16,150787472814.9433,1.0592204973680188e-15,0.0,1.0178683632250246e-06,True,16,16,425440808998.39087,4.930889300820557e-16,0.0
A(i),1.0,100,1000,1000,1000,16,2,0.7925,0.781,0.804,0.01793510781182515,0.07337415667099928,0.058704000010038726,4.1810464777132206e-07,True,15,16,101597481207.05157,3.47942777080914e-16,0.0,9.01451593495873e-07,True,16,16,146478446042.84836,5.683736437388173e-16,0.0
A(i),1.0,100,1000,1000,1000,17,2,0.8095,0.789,0.83,0.01513117651092331,0.06239524983316803,0.05480862500553485,3.9760048917805656e-08,True,15,16,123553384990.01872,1.7477157280472649e-15,5e-06,9.246153371872746e-07,True,16,16,252107347624.74707,1.6991956748266181e-15,0.0
A(i),1.0,100,1000,1000,1000,18,2,0.808,0.801,0.815,0.019329804864522595,0.07001700984146206,0.051347040993277915,6.439127781382956e-07,True,15,16,90633731402.48851,1.0056144281716442e-15,0.0,1.3573896367005378e-06,True,16,16,634602055410.055,1.4736538381449613e-15,0.0
A(i),1.0,100,1000,1000,1000,19,2,0.823,0.797,0.849,0.027626029371536052,0.07035036106081989,0.053676083000027575,1.1971536644388257e-07,True,15,16,131006295516.38509,1.155519070860527e-15,0.0,1.136688578326235e-06,True,16,16,315720482340.2778,9.959419144307282e-16,0.0
A(i),1.0,100,1000,1000,1000,20,2,0.812,0.782,0.842,0.01998454106963509,0.0629275553614613,0.05283225000312086,2.601978465210431e-07,True,16,16,4565014301499.973,5.575573846482538e-16,0.0,1.010365520504644e-06,True,16,16,236397527766.3106,8.233955471882577e-16,0.0
A(i),1.0,100,1000,1000,1000,21,2,0.8085,0.807,0.81,0.019782565585331563,0.07322739386707683,0.05235812500177417,7.327557935590279e-08,True,15,16,102751273978.6319,1.0711679873574857e-15,0.0,8.055924313902655e-07,True,16,16,338661971751.6103,8.556834975169217e-16,0.0
A(i),1.0,100,1000,1000,1000,22,2,0.806,0.784,0.828,0.02594461907505536,0.06664770712274078,0.053888750000623986,1.4854790789133517e-07,True,15,16,121659752956.9386,8.332768831330945e-16,0.0,8.436705923391436e-07,True,16,16,262644898996.73868,7.665275736785731e-16,0.0
A(i),1.0,100,1000,1000,1000,23,2,0.805,0.76,0.85,0.0163076181142447,0.0662903954993344,0.051355292001971975,2.977372086319051e-07,True,16,16,5207815083831.021,1.3187588648523658e-15,0.0,2.199230881310306e-06,True,16,16,685195404591.1353,6.546154833791904e-16,0.0
A(i),1.0,100,1000,1000,1000,24,2,0.813,0.803,0.823,0.022620117714645394,0.058793078366493765,0.05030841699044686,5.896516179281376e-08,True,16,16,2675703504148.948,2.0347920039534775e-15,0.0,1.439049498528008e-06,True,16,16,558763589610.3907,1.2759474934104204e-15,0.0
A(i),1.0,100,1000,1000,1000,25,2,0.808,0.822,0.794,0.017221973928365674,0.09732093165499274,0.04889625000942033,8.315405438329193e-07,True,16,16,3767315139594.5137,5.335033994302537e-16,0.0,5.800328791458009e-07,True,16,16,526324576314.9212,1.1457589792037882e-15,0.0
A(i),1.0,100,1000,1000,1000,26,2,0.7995,0.791,0.808,0.016364115929221525,0.0640012399372871,0.049882375009474345,1.7339828254742037e-07,True,15,16,130894055909.63289,1.6214030099811753e-15,0.0,8.844859316092111e-07,True,16,16,355794491439.83716,4.715710588503794e-16,0.0
A(i),1.0,100,1000,1000,1000,27,2,0.801,0.747,0.855,0.020070927318453356,0.062144249558875826,0.05651600001147017,1.342062004745237e-07,True,16,16,5191051528162.283,6.93112046178908e-16,0.0,1.3178852908672884e-06,True,16,16,444452268171.14734,3.408859127187421e-16,0.0
A(i),1.0,100,1000,1000,1000,28,2,0.793,0.76,0.826,0.017736647166271012,0.06753055949627913,0.0541757500031963,2.1399374854330648e-07,True,16,16,3544444838158.5615,1.6461054230144587e-15,0.0,8.210860910737108e-07,True,16,16,167192473629.48523,4.897121009587324e-16,0.0
A(i),1.0,100,1000,1000,1000,29,2,0.791,0.806,0.776,0.01659548733373658,0.06167983832054475,0.05133508300059475,1.61563302609885e-07,True,16,16,4654740369886.053,6.59202383034883e-16,0.0,1.3268971350625456e-06,True,16,16,417290594633.75146,6.668138847404651e-16,0.0
A(i),1.0,100,1000,1000,1000,30,2,0.8105,0.781,0.84,0.024133091516899453,0.06126611990383778,0.059042124994448386,1.936684166771328e-07,True,15,16,324827047467.8618,7.126956091810883e-16,0.0,5.910664496128966e-07,True,16,16,279797769989.68616,1.5644555455256153e-15,0.0
A(i),1.0,100,1000,1000,1000,31,2,0.7965,0.792,0.801,0.01991498929162562,0.08251319545337672,0.06318800000008196,1.2727880816882132e-06,True,16,16,4565004878890.289,1.7130606001968328e-15,0.0,1.7416016977583648e-06,True,16,16,195375932176.56845,6.385587459784516e-16,0.0
A(i),1.0,100,1000,1000,1000,32,2,0.8165,0.783,0.85,0.038066470694341395,0.06499066848868483,0.06137837500136811,3.402790061080165e-07,True,15,16,294250369902.8162,1.3502927249776926e-15,0.0,6.375162500779511e-07,True,16,16,227822070655.47525,1.1880255680648504e-15,0.0
A(i),1.0,100,1000,1000,1000,33,2,0.799,0.752,0.846,0.020318513913601354,0.07212661815554734,0.06107075000181794,2.748218546144439e-07,True,15,16,107535598931.16377,3.995816894429988e-16,0.0,6.570531796104909e-07,True,16,16,83335816012.00368,5.119600605703025e-16,0.0
A(i),1.0,100,1000,1000,1000,34,2,0.811,0.791,0.831,0.024230287088927556,0.06268309086952964,0.061174333008239046,2.0397020703760715e-07,True,16,16,1508878300454.2322,2.1983701800693123e-15,0.0,1.0549263171684248e-06,True,16,16,354771476426.1467,1.1276546146068018e-15,0.0
A(i),1.0,100,1000,1000,1000,35,2,0.7945,0.818,0.771,0.026233495373476686,0.0684733522055846,0.06154637500003446,1.8377754507729801e-07,True,15,16,108705160704.48373,1.3264567304811432e-16,0.0,7.365595487230384e-07,True,16,16,288226469522.3916,1.8425391031050977e-15,0.0
A(i),1.0,100,1000,1000,1000,36,2,0.8105,0.79,0.831,0.016745683369810745,0.0651730722039865,0.056463457993231714,5.850767744016587e-07,True,16,16,1954828343006.149,1.352262913696578e-15,0.0,1.1660025476994747e-06,True,16,16,102724600170.25464,2.424216909718866e-16,0.0
A(i),1.0,100,1000,1000,1000,37,2,0.8005,0.787,0.814,0.02184511041831412,0.070101657274415,0.052763875006348826,1.4529290513955217e-07,True,15,16,169329359677.67227,4.988290074492198e-16,0.0,8.855279168535751e-07,True,16,16,784753548167.8638,6.369828031944363e-16,0.0
A(i),1.0,100,1000,1000,1000,38,2,0.7995,0.805,0.794,0.023962729329963323,0.08811293760229037,0.05493299999216106,5.433650699885488e-07,True,16,16,6217382438007.836,7.117319155353088e-16,0.0,5.054739701367811e-07,True,16,16,166513595791.4187,8.882679313788047e-16,0.0
A(i),1.0,100,1000,1000,1000,39,2,0.816,0.795,0.837,0.03205653033957603,0.06402539069353441,0.05487287500000093,2.0137390292748194e-07,True,16,16,3603930007103.315,9.82991066371538e-16,0.0,1.2181338555650636e-06,True,16,16,614862424785.218,1.654338154764574e-15,0.0
A(i),1.0,100,1000,1000,1000,40,2,0.8,0.771,0.829,0.01717272271784573,0.06424217637484268,0.0525430419947952,7.593136078058007e-07,True,16,16,4588917718944.531,4.865141613974908e-16,0.0,7.548857175330994e-07,True,16,16,486047338263.0061,6.40960702886639e-16,0.0
A(i),1.0,100,1000,1000,1000,41,2,0.8075,0.806,0.809,0.019820926526726016,0.05206066480426634,0.054478334001032636,4.415810337620559e-07,True,16,16,3356658268090.9126,3.7993449342775774e-16,0.0,1.4149375328698249e-06,True,16,16,252075193489.07938,3.2004220391905282e-15,0.0
A(i),1.0,100,1000,1000,1000,42,2,0.8005,0.8,0.801,0.013861612025079233,0.06887359544028593,0.05916579101176467,9.355085282400227e-07,True,16,16,3371607404927.373,9.165338765688773e-16,0.0,1.6933418790608224e-06,True,16,16,396291395724.15454,1.7183424040280764e-15,0.0
A(i),1.0,100,1000,1000,1000,43,2,0.803,0.791,0.815,0.018645224812745647,0.06032372105052373,0.0542191249987809,8.200655381731305e-07,True,16,16,5573565638719.681,5.228243564396227e-16,0.0,1.1690949980004979e-06,True,16,16,352622705697.1524,5.558873232403521e-16,0.0
A(i),1.0,100,1000,1000,1000,44,2,0.811,0.791,0.831,0.02795962053071383,0.09572705562797548,0.05542312499892432,1.9962273580589023e-07,True,16,16,3125497519271.9116,4.2398832907513727e-16,0.0,4.231312779183294e-07,True,16,16,397741674014.3107,7.555105554352075e-16,0.0
A(i),1.0,100,1000,1000,1000,45,2,0.788,0.769,0.807,0.02514868447266378,0.06130922173194489,0.054107249990920536,2.583569477454752e-07,True,16,16,5887644947711.498,1.0933756312221193e-15,0.0,1.1056846039922686e-06,True,16,16,293235425426.1961,5.990862469880306e-16,0.0
A(i),1.0,100,1000,1000,1000,46,2,0.8045,0.796,0.813,0.01754182558632595,0.07927389921580823,0.05732129199896008,4.532471640338554e-07,True,16,16,2879995127176.009,1.7121003158520864e-15,0.0,1.2383693586037904e-06,True,16,16,720592424348.3887,9.580666415573365e-16,0.0
A(i),1.0,100,1000,1000,1000,47,2,0.786,0.764,0.808,0.017018459558414294,0.05640899217687827,0.05349837499670684,2.2125901718386077e-07,True,16,16,4919894690502.5205,8.092726678879427e-16,0.0,8.390398077575056e-07,True,16,16,367442795454.92096,1.142188187250879e-15,0.0
A(i),1.0,100,1000,1000,1000,48,2,0.801,0.776,0.826,0.01617969249298547,0.05668236550886555,0.05558079200272914,2.461044408457379e-07,True,16,16,3083659204423.516,7.952823143324546e-16,0.0,1.2812058744543684e-06,True,16,16,399070044341.2793,3.406686342145151e-16,0.0
A(i),1.0,100,1000,1000,1000,49,2,0.798,0.786,0.81,0.021052585135148082,0.05886385857253591,0.05657104100100696,5.856379014631933e-07,True,15,16,215278489111.91638,7.243878748982698e-16,0.0,7.535503677745779e-07,True,16,16,528939601612.2423,7.453963376568833e-16,0.0
A(ii),0.5,10,100,1000,1000,0,2,0.661,0.603,0.719,0.0764029447653273,0.1578419357871984,0.005010832988773473,2.311526599761848e-06,True,16,16,60144241028.35286,6.647482888564705e-16,0.0,1.5200974625021457e-06,True,16,16,44755018779.94406,5.135965377407914e-16,0.0
A(ii),0.5,10,100,1000,1000,1,2,0.673,0.617,0.729,0.06940481480908343,0.15555368865542227,0.004647082998417318,1.7832385026480228e-06,True,16,16,674199443199.8234,5.509121760046978e-16,0.0,4.832265085997114e-06,True,16,16,34610915565.45437,5.591207159967939e-16,0.0
A(ii),0.5,10,100,1000,1000,2,2,0.68,0.603,0.757,0.03612635600022376,0.24647755133823934,0.0047442089999094605,1.367249253702234e-06,True,16,16,91832299240.64952,4.905230621590696e-16,0.0,4.180848782213526e-06,True,16,16,258221283524.805,6.787653944377868e-16,0.0
A(ii),0.5,10,100,1000,1000,3,2,0.6815,0.629,0.734,0.0483946625136276,0.07931995401945618,0.004892457989626564,4.4416627379440225e-06,True,16,16,22337516576.66582,9.600100990207366e-16,0.0,4.2879081373039834e-06,True,16,16,80136647894.06815,3.983598348072939e-16,0.0
A(ii),0.5,10,100,1000,1000,4,2,0.6755,0.639,0.712,0.0811452128908582,0.1674539173156867,0.004956459000823088,1.0179642867504937e-06,True,16,16,23495917616.11104,1.430055548883273e-15,0.0,9.946968879905866e-07,True,16,16,31396098409.783146,1.12970124871001e-15,0.0
A(ii),0.5,10,100,1000,1000,5,2,0.685,0.57,0.8,0.05789546024761419,0.10125919990633132,0.00465579199953936,4.652589267082114e-06,True,16,16,24282110657.016373,5.776364629146286e-16,0.0,6.406313817123465e-07,True,16,16,94068134176.87473,3.8602582888323924e-16,0.0
A(ii),0.5,10,100,1000,1000,6,2,0.6945,0.606,0.783,0.12750284773770237,0.07594254754485188,0.004824375006137416,2.600822868502588e-06,True,16,16,75646338059.69316,4.596234989787646e-16,0.0,3.823944281260393e-06,True,16,16,270014440156.88797,2.0777125888755276e-15,0.0
A(ii),0.5,10,100,1000,1000,7,2,0.6725,0.573,0.772,0.07011904327568648,0.06761957124467229,0.00484666699776426,2.038094856492161e-06,True,16,16,114787449639.66032,2.1647530351401648e-16,0.0,3.977766451137393e-06,True,16,16,52933297843.387924,1.9300128638705968e-15,0.0
A(ii),0.5,10,100,1000,1000,8,2,0.687,0.629,0.745,0.033537852400887365,0.10692373603146327,0.004815667009097524,1.625409134190386e-06,True,16,16,58467704139.47108,3.4373761568881734e-16,0.0,2.289946638079343e-06,True,16,16,66020653964.19759,7.630845921498076e-16,0.0
A(ii),0.5,10,100,1000,1000,9,2,0.66,0.6,0.72,0.04364891392664219,0.13536824207136422,0.004780457995366305,1.5615101335174181e-06,True,16,16,46954087990.41236,1.2384787178350186e-15,0.0,2.248061130295649e-06,True,16,16,77948589022.56805,1.5919229434889445e-15,0.0
A(ii),0.5,10,100,1000,1000,10,2,0.6675,0.626,0.709,0.11218702017765896,0.16682115628409966,0.004925457993522286,1.149250966145951e-06,True,16,16,541067548744.1065,4.261584810518268e-16,0.0,4.971814071469806e-06,True,16,16,178509966799.69022,5.321592176048697e-16,0.0
A(ii),0.5,10,100,1000,1000,11,2,0.686,0.6,0.772,0.23922692220524433,0.2806000506828887,0.004880916007095948,3.974764047373292e-06,True,16,16,292013569304.9158,2.841057735140679e-16,0.0,3.151954905945784e-06,True,16,16,88628059253.3297,1.2159434627200957e-15,0.0
A(ii),0.5,10,100,1000,1000,12,2,0.701,0.587,0.815,0.01866290934122384,0.11852991892075138,0.004627917005564086,1.5553588234137462e-06,True,16,16,63054353624.86552,2.707789873555718e-16,0.0,2.84898957910264e-06,True,16,16,101780865190.2123,7.7620411219986645e-16,0.0
A(ii),0.5,10,100,1000,1000,13,2,0.692,0.631,0.753,0.07474753432239496,0.08070355721335147,0.004667166998842731,9.935578653843705e-07,True,16,16,195138270860.39493,4.370059522399101e-16,0.0,7.63303980543648e-06,True,16,16,185672997942.72928,2.313103861572881e-16,0.0
A(ii),0.5,10,100,1000,1000,14,2,0.6835,0.636,0.731,0.030364434613307373,0.07400226304990144,0.005046040998422541,6.13644871708287e-07,True,16,16,33144070997.520985,1.1139152329415618e-15,0.0,5.055612325031186e-06,True,16,16,101757397027.89383,9.648011765618342e-16,0.0
A(ii),0.5,10,100,1000,1000,15,2,0.6865,0.541,0.832,0.0343678906997043,0.11497684205144387,0.004753042012453079,8.475561032980519e-07,True,16,16,51976187768.85383,1.6761446357001646e-16,0.0,9.473818590179201e-06,True,16,16,90384677337.24742,2.265310454540579e-16,0.0
A(ii),0.5,10,100,1000,1000,16,2,0.673,0.626,0.72,0.0493424210446875,0.2495679826731732,0.004668499997933395,1.294990025789173e-06,True,16,16,75664649326.46793,5.990496931217143e-16,0.0,7.574216445615148e-06,True,16,16,53535249026.21699,9.198298060934143e-16,0.0
A(ii),0.5,10,100,1000,1000,17,2,0.672,0.687,0.657,0.05950830977969563,0.2580096155619584,0.004553624996333383,2.2272893145304805e-06,True,16,16,58543574431.854996,8.966183952407182e-16,0.0,3.739504130472767e-06,True,16,16,88677452527.11601,1.7674944108995705e-15,0.0
A(ii),0.5,10,100,1000,1000,18,2,0.6865,0.604,0.769,0.05148988382581115,0.15195089111955773,0.005205333000048995,2.450049694511055e-06,True,16,16,95405099437.83028,6.139677664810483e-16,0.0,2.0889252256554705e-06,True,16,16,80233004772.89,9.410838570588057e-16,0.0
A(ii),0.5,10,100,1000,1000,19,2,0.692,0.603,0.781,0.012585036136706416,0.06566440799682445,0.004608707997249439,1.2529708549821373e-06,True,16,16,97765907454.25415,4.567166596400773e-16,0.0,1.1370029495456256e-05,True,16,16,105728736240.6133,2.3915905691248063e-15,0.0
A(ii),0.5,10,100,1000,1000,20,2,0.6675,0.647,0.688,0.06485706369962145,0.17068616157260766,0.005100624999613501,1.2799308331173998e-06,True,16,16,43348579818.96608,8.629598152264564e-16,0.0,1.3884171579504993e-06,True,16,16,411610901611.22235,5.261848615951692e-16,0.0
A(ii),0.5,10,100,1000,1000,21,2,0.667,0.573,0.761,0.03358966535625956,0.2937562495377721,0.0047397919988725334,2.009348731551661e-06,True,16,16,91912727142.09766,8.985756515740951e-16,0.0,9.428065011344073e-07,True,16,16,97896660164.36151,1.527586605152298e-15,0.0
A(ii),0.5,10,100,1000,1000,22,2,0.706,0.612,0.8,0.039133144822663266,0.070688303837395,0.00501037499634549,9.90280383673942e-07,True,16,16,286836124997.05444,1.6587100659145136e-16,0.0,1.9980542872969412e-05,True,16,16,717654321038.7034,6.525549174490122e-16,0.0
A(ii),0.5,10,100,1000,1000,23,2,0.652,0.582,0.722,0.058536970843824816,0.07884135520456266,0.004872250006883405,9.929928667865893e-07,True,16,16,92322867799.05502,7.231160883466038e-16,0.0,5.4215295465669945e-06,True,16,16,19007289672.4027,6.256145665136463e-16,0.0
A(ii),0.5,10,100,1000,1000,24,2,0.697,0.643,0.751,0.03962527621889677,0.311795014097237,0.004649374997825362,2.0694263414132646e-06,True,16,16,228869080749.0077,7.635255038214411e-16,0.0,8.206937813749569e-06,True,16,16,147639772399.4901,1.8778111989113623e-15,0.0
A(ii),0.5,10,100,1000,1000,25,2,0.67,0.535,0.805,0.04860381492696249,0.21283488262301042,0.0049235409969696775,1.5826145108443904e-06,True,16,16,35107881547.31772,1.6656512748183813e-15,0.0,3.0436527028352125e-06,True,16,16,43074870594.817955,1.849485465927595e-16,0.0
A(ii),0.5,10,100,1000,1000,26,2,0.6865,0.608,0.765,0.11194343389833844,0.2072905374868733,0.004834249994019046,3.092294565561198e-06,True,16,16,1256403811168.9143,1.8384733345488984e-15,0.0,7.137113782048348e-07,True,16,16,246355101767.39127,1.4236821234416022e-15,0.0
A(ii),0.5,10,100,1000,1000,27,2,0.6915,0.554,0.829,0.0668973261024393,0.09054687305370558,0.0046535000001313165,1.539186091289344e-06,True,16,16,53579667464.91033,4.3442192005657564e-16,0.0,9.66661595812244e-06,True,16,16,417692006953.7085,8.656157222035874e-16,0.0
A(ii),0.5,10,100,1000,1000,28,2,0.687,0.68,0.694,0.07170814188405293,0.13370331104013147,0.004904458008240908,2.2085179043198556e-06,True,16,16,79685309598.03824,7.058074592792141e-16,0.0,5.469682235861544e-06,True,16,16,304686806129.8369,6.884732185763726e-16,0.0
A(ii),0.5,10,100,1000,1000,29,2,0.6885,0.64,0.737,0.10416335636027704,0.12315253427858112,0.004658709003706463,5.65446557258604e-06,True,16,16,184003906388.67438,1.9820874344471772e-15,0.0,3.5240389001061524e-06,True,16,16,39537982675.96198,1.018136326212737e-15,0.0
A(ii),0.5,10,100,1000,1000,30,2,0.6595,0.593,0.726,0.06737979492987398,0.09700227588000508,0.004894166006124578,9.161602904245197e-06,True,16,16,208423220486.49615,1.9101619413815843e-16,0.0,2.564366553408506e-06,True,16,16,70529725174.93042,6.45349174153557e-16,0.0
A(ii),0.5,10,100,1000,1000,31,2,0.669,0.515,0.823,0.052454957545568684,0.31170552695869413,0.004965334010194056,1.1835548405641257e-06,True,16,16,23403699131.995937,8.561880343464506e-16,0.0,7.350459629813909e-06,True,16,16,58727372356.85626,4.623153403976989e-16,0.0
A(ii),0.5,10,100,1000,1000,32,2,0.667,0.614,0.72,0.14111115520361203,0.08572573995891324,0.004898624989436939,2.9517426267188763e-06,True,16,16,553698292622.319,5.965993442010211e-16,0.0,1.0736737012271145e-05,True,16,16,92800031778.81975,4.57862244304847e-16,0.0
A(ii),0.5,10,100,1000,1000,33,2,0.6705,0.568,0.773,0.0971709996711475,0.07868050107918202,0.004899708990706131,3.361753616611368e-06,True,16,16,78030394869.81363,4.956513408437873e-16,0.0,4.821306169474712e-06,True,16,16,70247466134.72185,4.754373624884051e-16,0.0
A(ii),0.5,10,100,1000,1000,34,2,0.6775,0.541,0.814,0.08764193702404957,0.13199800463259628,0.005074166998383589,4.012060983435034e-06,True,16,16,50437162478.45315,2.9598525730815146e-16,0.0,1.9393684368210137e-06,True,16,16,472210545728.5488,4.826390742252385e-16,0.0
A(ii),0.5,10,100,1000,1000,35,2,0.695,0.661,0.729,0.11561089562764444,0.08801247484729004,0.004802915995242074,1.903101696625775e-06,True,16,16,124452371328.77425,5.628879076457276e-16,0.0,1.6283160309816634e-06,True,16,16,23528330218.541344,2.8001932082885003e-16,0.0
A(ii),0.5,10,100,1000,1000,36,2,0.682,0.621,0.743,0.18314610884972782,0.1207403440007428,0.0048024579882621765,4.327617207033369e-06,True,16,16,75757609895.48637,7.469308955865815e-16,0.0,1.1839600745027125e-05,True,16,16,22825651710.448376,1.0003623792572501e-15,0.0
A(ii),0.5,10,100,1000,1000,37,2,0.6465,0.531,0.762,0.07383335382027142,0.24305247285809906,0.004637083999114111,1.2019194892348472e-06,True,16,16,11672135992.758333,1.3535213944589967e-15,0.0,2.281881231795106e-06,True,16,16,85362345612.80032,9.218221030059194e-16,0.0
A(ii),0.5,10,100,1000,1000,38,2,0.6785,0.622,0.735,0.07817049849639943,0.22514316356711186,0.004594625002937391,4.334979896391106e-06,True,16,16,163264191034.61627,3.6467521181364444e-16,0.0,2.0273541639916843e-06,True,16,16,226257955573.6674,1.9522886596949474e-15,0.0
A(ii),0.5,10,100,1000,1000,39,2,0.658,0.62,0.696,0.08210849354885101,0.14119935210070508,0.004730541986646131,2.6510156083843526e-06,True,16,16,52365211181.475716,1.0483911903283666e-15,0.0,6.690118314892873e-06,True,16,16,616428660077.0459,1.8894110482628816e-15,0.0
A(ii),0.5,10,100,1000,1000,40,2,0.68,0.529,0.831,0.09012882081825696,0.1349269879934642,0.004880499996943399,8.39853559774304e-06,True,16,16,6962513899.691764,7.35724781300469e-16,0.0,8.808999753312584e-06,True,16,16,590401054911.9692,1.4280059797714797e-15,0.0
A(ii),0.5,10,100,1000,1000,41,2,0.6665,0.537,0.796,0.04098391532448377,0.20881465108014105,0.004944708009134047,6.081796471515424e-07,True,16,16,331861285522.4783,6.668189394573563e-16,0.0,4.282923717680295e-06,True,16,16,119618131711.77307,3.028484704078005e-16,0.0
A(ii),0.5,10,100,1000,1000,42,2,0.6885,0.583,0.794,0.04378454723844938,0.054371599043632715,0.004627166999853216,6.070477376914948e-06,True,16,16,84114413909.36632,4.115197000403429e-16,0.0,9.448314435482106e-06,True,16,16,89316330753.77428,7.626149987942355e-16,0.0
A(ii),0.5,10,100,1000,1000,43,2,0.684,0.607,0.761,0.18033091666873782,0.11079381776105993,0.004764874989632517,6.56707494036068e-06,True,16,16,24609207107.768463,4.977792385087669e-16,0.0,6.463856461157072e-06,True,16,16,173821618100.9779,2.130010088184433e-15,0.0
A(ii),0.5,10,100,1000,1000,44,2,0.698,0.659,0.737,0.08032486222897835,0.09606760990561014,0.005011707995436154,5.035559825029158e-06,True,16,16,67763154624.412766,8.426716293939493e-16,0.0,1.443391423946491e-06,True,16,16,38375109755.77102,1.3725996300529427e-15,0.0
A(ii),0.5,10,100,1000,1000,45,2,0.6805,0.616,0.745,0.030855632271130737,0.20416640218329765,0.004875500002526678,1.4985493895917436e-06,True,16,16,45461752736.305595,3.0494018153592746e-16,0.0,1.8281235041058461e-06,True,16,16,65273866333.80438,9.913806239448536e-16,0.0
A(ii),0.5,10,100,1000,1000,46,2,0.701,0.616,0.786,0.05166693513134661,0.16079435881406254,0.005076499990536831,5.18785487391952e-06,True,16,16,79698913898.12343,9.594263990724735e-16,0.0,9.824711461843869e-06,True,16,16,68368566499.102165,1.402909342614655e-15,0.0
A(ii),0.5,10,100,1000,1000,47,2,0.6665,0.574,0.759,0.07229999734755897,0.17985116946229518,0.005003290993045084,1.0947966444314823e-05,True,16,16,190979006953.37494,1.6057869403193837e-15,0.0,8.900476132137769e-07,True,16,16,283885150745.53656,3.685156109100839e-16,0.0
A(ii),0.5,10,100,1000,1000,48,2,0.689,0.633,0.745,0.043439589771955105,0.23563269713920573,0.0046163749939296395,1.2350190109197196e-06,True,16,16,39862336484.80658,7.594440376462668e-16,0.0,3.0821832959236598e-06,True,16,16,29639891394.40986,4.7540510019490925e-16,0.0
A(ii),0.5,10,100,1000,1000,49,2,0.6875,0.584,0.791,0.03501288638843498,0.1973265816483345,0.00459766699350439,4.915576311285464e-06,True,16,16,76481632400.1921,3.966406410249737e-16,0.0,1.9094865479122982e-06,True,16,16,663230141938.4777,1.0499242633232072e-15,0.0
A(ii),0.5,10,1000,1000,1000,0,2,0.698,0.609,0.787,0.010879352537824311,0.050751436065932035,0.006806250006775372,2.672243141428746e-07,True,16,16,473753401520.05066,1.3362654230836503e-15,0.0,2.791958276885965e-07,True,16,16,339611228243.0665,7.653683950552835e-16,0.0
A(ii),0.5,10,1000,1000,1000,1,2,0.6895,0.624,0.755,0.011081599579963108,0.06761504905884747,0.007447374999173917,1.2827926462255298e-07,True,16,16,387447342734.95807,3.023443089785732e-16,0.0,4.2201741589869635e-07,True,16,16,594903884117.4851,5.606631713205258e-16,0.0
A(ii),0.5,10,1000,1000,1000,2,2,0.6975,0.645,0.75,0.013074712354141019,0.06016330163670768,0.009352167005999945,1.8114553610233715e-07,True,16,16,636611059510.5602,2.0593656993282645e-16,0.0,4.2671354610624343e-07,True,16,16,2081015013309.318,1.3319063745497654e-15,0.0
A(ii),0.5,10,1000,1000,1000,3,2,0.693,0.632,0.754,0.014320990651894905,0.054286948303674504,0.0088798329961719,1.984803042228124e-07,True,16,16,99645670631.17387,9.03797577202721e-16,0.0,4.080448918787147e-07,True,16,16,494406391674.42865,9.59908282235339e-16,0.0
A(ii),0.5,10,1000,1000,1000,4,2,0.678,0.618,0.738,0.013736150804821448,0.06567272785153823,0.006960582992178388,1.9913005064933274e-07,True,16,16,278365448075.053,1.5694841744360694e-15,0.0,9.625696698841147e-07,True,16,16,93818055712.30719,5.075360742771514e-16,0.0
A(ii),0.5,10,1000,1000,1000,5,2,0.6845,0.625,0.744,0.013004400896187382,0.07841993648247458,0.00684366600762587,1.131475967328701e-07,True,16,16,751670130328.8983,3.051386078063171e-16,0.0,8.569274428378158e-07,True,16,16,177771238241.61136,3.0394542782391593e-16,0.0
A(ii),0.5,10,1000,1000,1000,6,2,0.6915,0.59,0.793,0.010022790800460271,0.056382821606711556,0.008430707996012643,3.0798824582206525e-07,True,16,16,463464156658.32214,5.079539237229246e-16,0.0,6.467372384676292e-07,True,16,16,1019097342595.8724,4.796101800428548e-16,0.0
A(ii),0.5,10,1000,1000,1000,7,2,0.679,0.589,0.769,0.007008924101696379,0.06794182990744814,0.007954833999974653,2.1409739074895474e-07,True,16,16,423366620844.0289,6.551661569760343e-16,0.0,8.341126422840966e-07,True,16,16,676963624907.3647,1.210087691288607e-15,0.0
A(ii),0.5,10,1000,1000,1000,8,2,0.6885,0.604,0.773,0.0110539680357251,0.05776175631995859,0.007598583004437387,1.2376432918482727e-07,True,16,16,1179765769776.438,1.0332747241660141e-15,0.0,3.721876952972886e-07,True,16,16,2732411784622.8003,8.521577778349958e-16,0.0
A(ii),0.5,10,1000,1000,1000,9,2,0.6945,0.575,0.814,0.011584690496218648,0.07915227753906603,0.009109041988267563,2.3808830802259872e-07,True,16,16,1592761370547.1602,2.5305050585569e-16,0.0,8.257305762780076e-07,True,16,16,240314406378.41348,1.0720453617191044e-15,0.0
A(ii),0.5,10,1000,1000,1000,10,2,0.6915,0.609,0.774,0.008012008650821524,0.0534744883140761,0.007078166992869228,1.36222351231722e-07,True,16,16,740631018690.6621,9.270406146292585e-16,0.0,6.481285908219452e-07,True,16,16,903979404515.7158,5.024220152206539e-16,0.0
A(ii),0.5,10,1000,1000,1000,11,2,0.6995,0.605,0.794,0.009251703760569677,0.05204161646613836,0.00850558299862314,4.1311669451434795e-07,True,16,16,825260289668.2931,3.832557896707622e-16,0.0,4.6625087224853437e-07,True,16,16,820784893524.0015,4.848276201701184e-16,0.0
A(ii),0.5,10,1000,1000,1000,12,2,0.699,0.633,0.765,0.008803910395799709,0.0496691184475821,0.008091000010608695,1.6218327207417716e-07,True,16,16,160494388704.5323,1.9208361633013646e-16,0.0,5.327312888950485e-07,True,16,16,407525863113.8257,6.461666990252443e-16,0.0
A(ii),0.5,10,1000,1000,1000,13,2,0.6745,0.619,0.73,0.0224704981821086,0.059284672198244695,0.0070982079923851416,1.2345664710028334e-07,True,16,16,923182280609.8873,4.278460144356606e-16,0.0,4.7225004890004977e-07,True,16,16,131755094891.22267,1.5397668263609254e-15,0.0
A(ii),0.5,10,1000,1000,1000,14,2,0.707,0.631,0.783,0.012924365463989215,0.05555439142827918,0.008553332998417318,2.561355164485882e-07,True,16,16,344679591435.8426,2.1712056628019014e-16,0.0,5.146351427951879e-07,True,16,16,399986661606.5875,6.430412378419169e-16,0.0
A(ii),0.5,10,1000,1000,1000,15,2,0.6615,0.592,0.731,0.00901472751818004,0.05339214968849015,0.009041625002282672,1.3039788793765082e-07,True,16,16,556514848861.151,1.4638630655530628e-15,0.0,7.633491952048062e-07,True,16,16,795805275229.1016,6.574356061059204e-16,0.0
A(ii),0.5,10,1000,1000,1000,16,2,0.694,0.632,0.756,0.011595106810963724,0.04739289024036062,0.007912000000942498,1.2019774699493253e-07,True,16,16,971626771137.1113,8.719323962207005e-16,0.0,7.462900630732984e-07,True,16,16,499121578970.6771,1.6692720452968237e-15,0.0
A(ii),0.5,10,1000,1000,1000,17,2,0.6845,0.601,0.768,0.013748518952024337,0.06007018146520878,0.00746616700780578,2.980763921658327e-07,True,16,16,408761023906.81384,1.4017918016677215e-15,0.0,1.1184562782786755e-06,True,16,16,149431289924.87833,7.090877109566648e-16,0.0
A(ii),0.5,10,1000,1000,1000,18,2,0.7025,0.644,0.761,0.013108921052576945,0.05892486384661753,0.007637666989467107,3.398673114042595e-07,True,16,16,292402507636.9844,8.331924119318036e-16,0.0,6.803998606018015e-08,True,16,16,1143272930212.7205,5.412314284077793e-16,0.0
A(ii),0.5,10,1000,1000,1000,19,2,0.701,0.612,0.79,0.010955762528211104,0.12998843699743065,0.007292166992556304,1.7900318704108403e-07,True,16,16,536351992399.3101,1.5166799152320295e-15,0.0,4.51820870764224e-07,True,16,16,449069732680.66425,5.657547918119163e-16,0.0
A(ii),0.5,10,1000,1000,1000,20,2,0.669,0.601,0.737,0.008876972359783847,0.061104895510761696,0.0073010420019272715,2.2477946883959765e-07,True,16,16,319606138377.77167,7.225199835199447e-16,0.0,2.2490867478027577e-07,True,16,16,781963533352.7141,6.393527314882956e-16,0.0
A(ii),0.5,10,1000,1000,1000,21,2,0.685,0.591,0.779,0.017673911726828733,0.04727253687708732,0.006978415985940956,2.826071999322792e-07,True,16,16,1024505537582.5306,6.23017661428748e-16,0.0,4.5992698647723995e-07,True,16,16,3115110380931.1206,5.479544671460713e-16,0.0
A(ii),0.5,10,1000,1000,1000,22,2,0.6975,0.602,0.793,0.0077238485183422755,0.05762791442373461,0.006929082999704406,4.288000611903148e-07,True,16,16,668065979759.622,3.939604696795124e-16,0.0,7.633817794854069e-07,True,16,16,828893014888.6481,9.306170908558335e-16,0.0
A(ii),0.5,10,1000,1000,1000,23,2,0.691,0.598,0.784,0.018551987823780834,0.053911853163015985,0.007839666999643669,2.8152214647604866e-07,True,16,16,1653066232372.9224,4.97472591626379e-16,0.0,9.818072182913677e-07,True,16,16,2887708419234.948,1.1732756439688969e-15,0.0
A(ii),0.5,10,1000,1000,1000,24,2,0.6995,0.611,0.788,0.008998326986483823,0.06724577719584231,0.008060082996962592,3.1198008131315136e-07,True,16,16,443305408147.00635,7.656043970507052e-16,0.0,4.457760593697606e-07,True,16,16,5747468835259.784,5.638460098434772e-16,0.0
A(ii),0.5,10,1000,1000,1000,25,2,0.679,0.6,0.758,0.015495207642857155,0.05267553418299542,0.008499125004163943,2.5356287590442695e-07,True,16,16,108479975521.79234,9.431764380995476e-16,0.0,7.062906907337023e-07,True,16,16,162077752104.6512,3.0429885661172225e-16,0.0
A(ii),0.5,10,1000,1000,1000,26,2,0.696,0.565,0.827,0.012348381678425386,0.04750027034229124,0.006861957997898571,2.4216666387313773e-07,True,16,16,442066115092.0767,5.61616126578215e-16,0.0,5.005721700124833e-07,True,16,16,347321052148.571,2.7911297192906727e-16,0.0
A(ii),0.5,10,1000,1000,1000,27,2,0.6615,0.597,0.726,0.013102808340355302,0.05634320913119931,0.007912540997494943,4.434578687811638e-08,True,16,16,2206626393529.772,5.965119692788777e-16,0.0,9.054156176814749e-07,True,16,16,221151572452.01834,5.621418252441293e-16,0.0
A(ii),0.5,10,1000,1000,1000,28,2,0.685,0.609,0.761,0.011439866622712682,0.05992546733920766,0.008851500009768642,2.415379547713138e-07,True,16,16,651517329311.0471,9.358069286573324e-16,0.0,8.291358594045844e-07,True,16,16,601368658987.9137,1.5421105439696542e-15,0.0
A(ii),0.5,10,1000,1000,1000,29,2,0.667,0.617,0.717,0.013842186456985255,0.05934043457418002,0.007367874990450218,4.837438033472461e-08,True,16,16,975459364727.1049,2.6860016340169684e-15,0.0,5.655702836760795e-07,True,16,16,430772685042.01526,2.4414343859522166e-15,0.0
A(ii),0.5,10,1000,1000,1000,30,2,0.71,0.625,0.795,0.005775367421688217,0.06500858002167258,0.006871417004731484,2.5217939482800414e-07,True,16,16,539921926390.43524,8.148830175536553e-16,0.0,7.0586147477873e-07,True,16,16,981978529267.2432,4.49150043176054e-16,0.0
A(ii),0.5,10,1000,1000,1000,31,2,0.704,0.591,0.817,0.00921965514581469,0.08464790230629082,0.007318040996324271,3.2385798316699057e-07,True,16,16,200703970858.03918,8.027188549176418e-16,0.0,6.219633212757348e-07,True,16,16,738659179718.1504,1.811276185781208e-15,0.0
A(ii),0.5,10,1000,1000,1000,32,2,0.692,0.605,0.779,0.006071109436164679,0.059880658167286105,0.008509833001880907,2.3846399935876926e-07,True,16,16,733633615341.8744,4.258712336098244e-16,0.0,5.727524396236363e-07,True,16,16,262501856441.8858,5.414938048841208e-16,0.0
A(ii),0.5,10,1000,1000,1000,33,2,0.676,0.656,0.696,0.015061481716222536,0.05758685268703382,0.007245000000693835,1.9795160335831022e-07,True,16,16,654503676087.0374,4.057336665827468e-16,0.0,4.6468060171989787e-07,True,16,16,126634543688.99959,8.166447076069745e-16,0.0
A(ii),0.5,10,1000,1000,1000,34,2,0.6795,0.6,0.759,0.004890527320591252,0.07164181586789663,0.006699500008835457,2.3244172478526338e-07,True,16,16,466016920678.0308,5.001772801272606e-16,0.0,7.053096824414827e-07,True,16,16,623669247539.112,8.540871453151256e-16,0.0
A(ii),0.5,10,1000,1000,1000,35,2,0.68,0.592,0.768,0.019347220457618098,0.04876302847855811,0.008355332989594899,9.885872057790394e-08,True,16,16,1856167891953.3394,3.1806754799485245e-16,0.0,3.6625813319614133e-07,True,16,16,661407207986.7808,1.056982677867285e-15,0.0
A(ii),0.5,10,1000,1000,1000,36,2,0.69,0.585,0.795,0.013781709383867963,0.04777627159538783,0.008348374991328456,9.77554944567347e-08,True,16,16,4136009024847.168,5.919630210467112e-16,0.0,3.4958541947600854e-07,True,16,16,315396191104.69745,1.2045340473754343e-15,0.0
A(ii),0.5,10,1000,1000,1000,37,2,0.6705,0.586,0.755,0.01178282217519601,0.09656951255975717,0.00835308300156612,7.29777784835057e-08,True,16,16,912827925250.8447,2.3837911810997846e-16,0.0,7.550324387156439e-07,True,16,16,1988229257193.1921,2.858443601105374e-16,0.0
A(ii),0.5,10,1000,1000,1000,38,2,0.691,0.624,0.758,0.021450169936790723,0.050437125169309205,0.009569208006723784,2.55990964535677e-07,True,16,16,1153598340091.5686,2.869862996409763e-16,0.0,2.9706457943329094e-07,True,16,16,934710946934.3251,9.978261729617723e-16,0.0
A(ii),0.5,10,1000,1000,1000,39,2,0.668,0.576,0.76,0.008698834100109675,0.0635866072820774,0.00762354199832771,1.0887357566487017e-07,True,16,16,142537382379.3259,4.699977419909229e-16,0.0,5.266144160759517e-07,True,16,16,1463503419732.6155,6.972498170788374e-16,0.0
A(ii),0.5,10,1000,1000,1000,40,2,0.681,0.579,0.783,0.009218950049652307,0.06106203632021744,0.009418750007171184,2.6508088964803625e-07,True,16,16,937455196713.4703,5.848146026866198e-16,0.0,5.129489088689044e-07,True,16,16,5348325959496.829,1.0047040567228756e-15,0.0
A(ii),0.5,10,1000,1000,1000,41,2,0.685,0.61,0.76,0.010581913348238423,0.08940659981228358,0.008933791992603801,2.0366307872354497e-07,True,16,16,638682258040.3365,5.613042483535444e-16,0.0,2.600654941814367e-07,True,16,16,151952110725.80075,3.4532180736042263e-16,0.0
A(ii),0.5,10,1000,1000,1000,42,2,0.6965,0.594,0.799,0.01650396235337615,0.05409533676376009,0.00950412500242237,2.0639185776912847e-08,True,16,16,3030650495303.162,4.298250343790254e-16,0.0,1.8098036181224738e-07,True,16,16,1007878507767.1282,9.251001332885522e-16,0.0
A(ii),0.5,10,1000,1000,1000,43,2,0.6855,0.592,0.779,0.008555665947603262,0.058614439857626086,0.007944042008602992,3.3617963595704006e-07,True,16,16,154878290534.38736,5.264402202909793e-16,0.0,5.912117308559369e-07,True,16,16,361584658197.82135,9.899576232793723e-16,0.0
A(ii),0.5,10,1000,1000,1000,44,2,0.6985,0.638,0.759,0.012339855623920317,0.059619232603727826,0.007964167001773603,2.2760623912548272e-07,True,16,16,215299070811.942,1.8746000928313117e-16,0.0,5.961279327334446e-07,True,16,16,201820519885.7702,1.289697560525942e-15,0.0
A(ii),0.5,10,1000,1000,1000,45,2,0.684,0.636,0.732,0.013709199845678244,0.05717548679169041,0.008432959002675489,2.4828094115502865e-07,True,16,16,677984009079.4039,6.944224202466987e-16,0.0,1.4395504102138958e-07,True,16,16,220367604999.44437,5.01461488492657e-16,0.0
A(ii),0.5,10,1000,1000,1000,46,2,0.6845,0.593,0.776,0.018034175494398095,0.04944425127693396,0.00837495899759233,1.8231407508606036e-07,True,16,16,601452198653.6201,5.535649736475591e-16,0.0,4.494428273432205e-07,True,15,16,5696099845539.762,3.6090643683309894e-16,0.0
A(ii),0.5,10,1000,1000,1000,47,2,0.6795,0.616,0.743,0.015517582892186545,0.05487862829386577,0.008025624993024394,1.425254369380621e-07,True,16,16,1002248565848.3431,5.788399539704406e-16,0.0,3.827531949117397e-07,True,16,16,838884469103.0488,1.1378575632805522e-15,0.0
A(ii),0.5,10,1000,1000,1000,48,2,0.695,0.625,0.765,0.007679758158933899,0.06607658043800367,0.007559042001958005,2.3212844621272124e-07,True,16,16,618093102003.1573,1.060906467178841e-15,0.0,3.292257053920379e-07,True,16,16,392222432826.53485,2.086938196694637e-16,0.0
A(ii),0.5,10,1000,1000,1000,49,2,0.6645,0.58,0.749,0.01631987410036134,0.061825217275460205,0.007307207997655496,2.1426573992462956e-07,True,16,16,1534607830053.1873,4.10601551049576e-16,0.0,7.192470089366771e-07,True,16,16,1422213363114.0154,4.344266995915607e-16,0.0
A(ii),0.5,100,100,1000,1000,0,2,0.6845,0.544,0.825,0.12169403500829937,0.08369900447399081,0.032898874997044913,3.15742813246741e-06,True,16,16,6255338819.416081,7.095498906207154e-16,0.0,1.5977005179840401e-06,True,16,16,24874205106.319782,8.878286700146077e-16,0.0
A(ii),0.5,100,100,1000,1000,1,2,0.6875,0.697,0.678,0.023357955921787243,0.07055229625044118,0.032549249997828156,1.3259621680466746e-06,True,16,16,75917132587.19978,2.283353243621377e-15,0.0,3.1625109101823973e-06,True,16,16,26339776254.78581,3.6784913196311863e-16,0.0
A(ii),0.5,100,100,1000,1000,2,2,0.6715,0.626,0.717,0.047177688371419696,0.10789363911407104,0.03285229099856224,3.7089773412288465e-06,True,16,16,33679431149.260044,1.7710344718579708e-16,0.0,2.6809196958666316e-06,True,16,16,134537561980.81116,1.9829508992599396e-16,0.0
A(ii),0.5,100,100,1000,1000,3,2,0.682,0.59,0.774,0.11502626404657437,0.11442907373044207,0.032477542001288384,9.679743364405899e-06,True,16,16,48598425448.87383,6.77907242358946e-16,0.0,2.0390824561006e-06,True,16,16,71083994579.73128,5.000739179617146e-16,0.0
A(ii),0.5,100,100,1000,1000,4,2,0.684,0.647,0.721,0.07685667307139409,0.14230303458683288,0.030073750007431954,3.3853465341758653e-06,True,16,16,60522758312.02302,8.188316832434287e-16,0.0,2.2492782133763057e-06,True,16,16,54576819866.65179,6.105554953958802e-16,0.0
A(ii),0.5,100,100,1000,1000,5,2,0.705,0.616,0.794,0.07670191512476349,0.09446511511550605,0.03264679199492093,1.2346394982371213e-06,True,16,16,62219855879.49634,1.6514194421987953e-16,0.0,4.423325510252226e-06,True,16,16,71081824187.26494,7.608834603049809e-16,0.0
A(ii),0.5,100,100,1000,1000,6,2,0.6715,0.615,0.728,0.14444875403495652,0.09343019641815539,0.032550625008298084,3.2262536917294866e-06,True,16,16,28493032539.2299,3.3605835242224103e-16,0.0,2.504552976289626e-06,True,16,16,79101960654.31493,9.511782462271009e-16,0.0
A(ii),0.5,100,100,1000,1000,7,2,0.697,0.538,0.856,0.10242369998651682,0.20203471469964596,0.03367108300153632,1.703722817331122e-06,True,16,16,49370143757.7816,5.54137260493581e-16,0.0,5.254850924094581e-06,True,16,16,72341978110.15976,9.020658249022669e-16,0.0
A(ii),0.5,100,100,1000,1000,8,2,0.667,0.566,0.768,0.13999179211422275,0.09532743536675702,0.03305495801032521,2.0484092781275154e-06,True,16,16,16079326826.63994,9.02626145066654e-16,0.0,6.616366743960632e-06,True,16,16,26968392697.53753,1.062981849275851e-15,0.0
A(ii),0.5,100,100,1000,1000,9,2,0.6735,0.527,0.82,0.10852335826960585,0.35793511625719876,0.03263708300073631,7.872562036339654e-06,True,16,16,112160962564.80605,6.136469276263724e-16,0.0,1.8007080088078507e-06,True,16,16,266570385849.6715,6.305107333823091e-16,0.0
A(ii),0.5,100,100,1000,1000,10,2,0.681,0.67,0.692,0.05073926321010951,0.17204782522588621,0.03341170800558757,1.477445746994292e-06,True,16,16,53325157901.23713,1.8045937314005286e-16,0.0,1.375636482081623e-06,True,16,16,127450347017.3532,4.279694774823517e-16,0.0
A(ii),0.5,100,100,1000,1000,11,2,0.6715,0.614,0.729,0.044595171382496475,0.23822568094100857,0.03237837500637397,5.463968935215443e-06,True,16,16,12004704285.866617,8.180861349161121e-16,0.0,1.1936356654035433e-05,True,16,16,34157650598.624702,5.639452183039278e-16,0.0
A(ii),0.5,100,100,1000,1000,12,2,0.6845,0.624,0.745,0.11938511298183534,0.13568424285644046,0.032853999990038574,2.2829001505033007e-06,True,16,16,55203041725.949196,7.657121793384056e-16,0.0,8.460061512324128e-06,True,16,16,33017094139.789818,7.74737109082013e-16,0.0
A(ii),0.5,100,100,1000,1000,13,2,0.685,0.529,0.841,0.038159135124092795,0.12922620180521807,0.03302962498855777,9.742859703128612e-07,True,16,16,38317485195.19786,4.653551194253791e-16,0.0,5.190617168400488e-06,True,16,16,31525127368.963585,7.0605248638194e-16,0.0
A(ii),0.5,100,100,1000,1000,14,2,0.687,0.592,0.782,0.04916632349709984,0.1382788318467596,0.0322224580013426,8.572253822237124e-07,True,16,16,184855290861.13867,9.964956850966979e-16,0.0,1.5500193103998732e-06,True,16,16,95086661282.20148,5.040280746755889e-16,0.0
A(ii),0.5,100,100,1000,1000,15,2,0.679,0.611,0.747,0.027681657993662106,0.10856748172533692,0.032400666998000816,1.257970753828129e-06,True,16,16,48215074893.133835,1.8674603624081135e-16,0.0,4.792212133420279e-06,True,16,16,54351239828.41395,4.829488791527909e-16,0.0
A(ii),0.5,100,100,1000,1000,16,2,0.668,0.614,0.722,0.0268837604347449,0.1636808906485232,0.0330883340066066,1.6584751765689305e-06,True,16,16,34108360006.691322,2.0386017200671664e-16,0.0,4.7035912712657205e-06,True,16,16,17216291894.327335,5.198385367526866e-16,0.0
A(ii),0.5,100,100,1000,1000,17,2,0.675,0.516,0.834,0.06605801512491413,0.18153814907442498,0.03208741600974463,1.1508611656934823e-06,True,16,16,50394888219.71669,1.448808981511288e-15,0.0,2.5063969882030837e-06,True,16,16,145021158627.34283,6.129334905658044e-16,0.0
A(ii),0.5,100,100,1000,1000,18,2,0.6935,0.6,0.787,0.038879059582433276,0.11448215035820314,0.032919582998147234,4.1461859959545345e-06,True,16,16,16791314945.580729,4.3920079625746994e-16,0.0,9.768803438172683e-06,True,16,16,52255131483.40601,2.525792659999268e-15,0.0
A(ii),0.5,100,100,1000,1000,19,2,0.6875,0.615,0.76,0.08471367136473715,0.17681655601137677,0.03339333400072064,1.5492405072169356e-05,True,16,16,32581679732.107826,5.303299142891923e-16,0.0,3.8018174920398267e-06,True,16,16,46230066185.31722,1.568571987078153e-15,0.0
A(ii),0.5,100,100,1000,1000,20,2,0.655,0.573,0.737,0.04584361268197199,0.4127427675365622,0.033130084004369564,1.2957847940741726e-06,True,16,16,221516740012.25845,1.630616900924067e-16,0.0,1.0501287439216502e-05,True,16,16,175862971657.69385,1.6264867165939358e-15,0.0
A(ii),0.5,100,100,1000,1000,21,2,0.684,0.732,0.636,0.17411018416318474,0.1371559026742349,0.032809666998218745,5.803756364049126e-06,True,16,16,88331869130.52348,7.876314027310506e-16,0.0,1.076382885923734e-05,True,16,16,43475760306.445274,3.6984061529827107e-16,0.0
A(ii),0.5,100,100,1000,1000,22,2,0.664,0.581,0.747,0.09019278994760069,0.08532013151361555,0.03315429099893663,9.61142241317436e-07,True,16,16,32560668969.858418,4.743889618288052e-16,0.0,4.926383084958483e-06,True,16,16,53437373307.14606,3.2833569185224355e-16,0.0
A(ii),0.5,100,100,1000,1000,23,2,0.6875,0.609,0.766,0.03329813295071438,0.09257995185035638,0.03300554200541228,5.368925411493683e-06,True,16,16,41700027098.04005,4.672138278627798e-16,0.0,1.10540240608204e-05,True,16,16,70465393912.6488,7.627865642493347e-16,0.0
A(ii),0.5,100,100,1000,1000,24,2,0.6765,0.574,0.779,0.025305410355972512,0.2638610451415417,0.03288099999190308,1.186552741576111e-06,True,16,16,56078627921.33254,4.722533446528312e-16,0.0,3.5842287612490226e-06,True,16,16,45417725184.51461,1.1113475250532973e-15,0.0
A(ii),0.5,100,100,1000,1000,25,2,0.681,0.634,0.728,0.11378877664670602,0.37672488728842873,0.03242604200204369,6.1393086901352566e-06,True,16,16,49591495343.40573,8.165107523108072e-16,0.0,9.910450379773218e-06,True,16,16,16946140035.237562,1.1223403938794798e-15,0.0
A(ii),0.5,100,100,1000,1000,26,2,0.6905,0.647,0.734,0.18310891865361303,0.18043162598923765,0.03238770800817292,3.5790233236566174e-06,True,16,16,14545823965.336676,4.0784740357026503e-16,0.0,5.340769809436265e-06,True,16,16,40701819981.460045,1.2277130382599614e-15,0.0
A(ii),0.5,100,100,1000,1000,27,2,0.672,0.622,0.722,0.04638679314093462,0.0819146405396801,0.03252037499623839,2.200717000542149e-06,True,16,16,55477706431.614494,4.107296596362385e-16,0.0,1.7141854951153517e-05,True,16,16,66783916275.182045,1.0174015633859376e-15,0.0
A(ii),0.5,100,100,1000,1000,28,2,0.693,0.629,0.757,0.03191168965878854,0.08402419100515175,0.03279987499990966,4.671577482689588e-07,True,16,16,55414598425.80203,1.3663397491085508e-15,0.0,5.3727014630880365e-06,True,16,16,31902013288.015892,2.633150684680769e-16,0.0
A(ii),0.5,100,100,1000,1000,29,2,0.6895,0.586,0.793,0.15223711080096325,0.09724568783258274,0.03273470800195355,8.084273774667895e-07,True,16,16,23899213969.635704,4.173862546718001e-16,0.0,1.7730288171895529e-06,True,16,16,20243052999.804146,4.889161734619773e-16,0.0
A(ii),0.5,100,100,1000,1000,30,2,0.691,0.609,0.773,0.08656731966353445,0.11306541123836585,0.03233066698885523,1.5110699635677634e-06,True,16,16,16663561578.09255,6.044262015062778e-16,0.0,1.1918047617305278e-05,True,16,16,54636417202.07395,1.0213411244341224e-15,0.0
A(ii),0.5,100,100,1000,1000,31,2,0.6955,0.548,0.843,0.07169735319042077,0.0888233218422007,0.03294733300572261,1.350163173922071e-06,True,16,16,34253697169.285446,5.935608135577055e-16,0.0,8.24984919232761e-06,True,16,16,53936984438.70428,5.939848165892407e-16,0.0
A(ii),0.5,100,100,1000,1000,32,2,0.6785,0.523,0.834,0.07798465250807263,0.13884732208191522,0.03275008300261106,2.7183811231087797e-06,True,16,16,147695891586.84753,3.679660744837822e-16,0.0,8.113791329147766e-06,True,16,16,14895024803.248598,8.834189889995876e-16,0.0
A(ii),0.5,100,100,1000,1000,33,2,0.6845,0.546,0.823,0.06489416458596574,0.12852953011006285,0.030259334002039395,2.000034385882611e-06,True,16,16,21350010733.861485,1.5716505085943701e-16,0.0,3.5979974462440746e-06,True,16,16,26182438156.442226,1.1717276068697982e-15,0.0
A(ii),0.5,100,100,1000,1000,34,2,0.654,0.637,0.671,0.10354198577587256,0.48725121929034676,0.028633209003601223,3.0934228461643125e-06,True,16,16,27288508802.880394,4.85880808810905e-16,0.0,6.801952854867201e-06,True,16,16,220569369057.39786,4.852531065711834e-16,0.0
A(ii),0.5,100,100,1000,1000,35,2,0.6665,0.547,0.786,0.12150019310542308,0.14374553589775368,0.032666999992216006,7.432907232948862e-06,True,16,16,103947005342.04898,9.326507795009367e-16,0.0,7.714647907173063e-06,True,16,16,144016802347.0937,1.0105954257629736e-15,0.0
A(ii),0.5,100,100,1000,1000,36,2,0.696,0.618,0.774,0.05018690222327576,0.1913589096514022,0.032675875001586974,1.1873838477614905e-06,True,16,16,39658366530.05712,4.59819558655876e-16,0.0,8.211129858758786e-06,True,16,16,28512051290.749554,4.517818425421196e-16,0.0
A(ii),0.5,100,100,1000,1000,37,2,0.6735,0.651,0.696,0.04569779955260971,0.21632867542764442,0.03301370800181758,1.4334622890810723e-06,True,16,16,7765540867.876868,6.027046530791715e-16,0.0,2.4789049827206096e-06,True,16,16,69708570026.38731,4.835725294894847e-16,0.0
A(ii),0.5,100,100,1000,1000,38,2,0.701,0.595,0.807,0.08087438158556061,0.06655041163394393,0.03276166599243879,2.045876899582732e-06,True,16,16,85996104799.39856,7.929062489691209e-16,0.0,7.924498647865245e-06,True,16,16,107844905989.79799,1.2162410891184931e-15,0.0
A(ii),0.5,100,100,1000,1000,39,2,0.6845,0.606,0.763,0.03149216561546211,0.07608556798452062,0.032268750001094304,6.454538530492317e-07,True,16,16,216523752074.94806,1.7693523632015637e-16,0.0,1.1967585551379078e-06,True,16,16,18572891867.238106,8.069662031932392e-16,0.0
A(ii),0.5,100,100,1000,1000,40,2,0.6975,0.614,0.781,0.06451291334687657,0.13677674436561374,0.033070249992306344,3.404175193897336e-06,True,16,16,141646085794.99713,1.4624643532229558e-15,0.0,5.025821293467232e-06,True,16,16,28906048657.233616,2.1626314178264972e-15,0.0
A(ii),0.5,100,100,1000,1000,41,2,0.688,0.631,0.745,0.12634013154582205,0.08418660103730133,0.03267912499723025,1.7762893675613202e-06,True,16,16,97104851307.64166,1.0016210331536077e-15,0.0,2.7118928248150046e-06,True,16,16,43288888599.44912,4.285469682371696e-16,0.0
A(ii),0.5,100,100,1000,1000,42,2,0.689,0.61,0.768,0.03886165783551668,0.17763836198589944,0.03267391699773725,1.6712547934585631e-06,True,16,16,36347250576.61355,5.74919401728735e-16,0.0,8.314985506954935e-06,True,16,16,42043843267.978294,6.015897472451482e-16,0.0
A(ii),0.5,100,100,1000,1000,43,2,0.6875,0.642,0.733,0.07528509717564019,0.07961637168380717,0.03275800000119489,2.013618956382715e-06,True,16,16,87484468577.29965,3.1331490622795125e-16,0.0,7.374468806793737e-06,True,16,16,61933510188.53432,5.135221394410794e-16,0.0
A(ii),0.5,100,100,1000,1000,44,2,0.6875,0.637,0.738,0.08736941230408944,0.13393521703624595,0.032085540995467454,1.0523312437584469e-05,True,16,16,61477091174.43061,8.046865334902977e-16,0.0,4.861298775317488e-06,True,16,16,32406641772.38217,4.0980381160982364e-16,0.0
A(ii),0.5,100,100,1000,1000,45,2,0.678,0.572,0.784,0.06858140232813059,0.056645826546229974,0.032856584002729505,9.770959372092899e-07,True,16,16,109064806014.46095,2.161517896604143e-16,0.0,9.10984563311058e-06,True,16,16,19957397094.16924,8.279283435525843e-16,0.0
A(ii),0.5,100,100,1000,1000,46,2,0.6985,0.632,0.765,0.03519511215847664,0.12567220289895017,0.03237625000474509,1.7069866413510025e-06,True,16,16,61711897620.84704,7.615098856327275e-16,0.0,5.307527884428417e-06,True,16,16,80636436254.23257,1.3361349309565822e-15,0.0
A(ii),0.5,100,100,1000,1000,47,2,0.6655,0.59,0.741,0.034190007364123094,0.13072225246960056,0.03297633300826419,5.435572142061686e-07,True,16,16,16174070106.518835,5.264269501263331e-16,0.0,9.514136534768005e-07,True,16,16,42494736061.483665,4.848204609441786e-16,0.0
A(ii),0.5,100,100,1000,1000,48,2,0.687,0.614,0.76,0.12039512159301158,0.1624751560632691,0.032657292002113536,6.302749092191065e-07,True,16,16,43611640258.532776,2.961802999145565e-16,0.0,1.3914035119944078e-06,True,16,16,182269479322.5818,6.88111007811608e-16,0.0
A(ii),0.5,100,100,1000,1000,49,2,0.674,0.568,0.78,0.07109463633465561,0.10829153744537336,0.03283141599968076,1.8543996894136477e-06,True,16,16,55172147587.00306,8.72105894687164e-16,0.0,3.0658307613318934e-06,True,16,16,38842643164.237335,9.936744179183683e-16,0.0
A(ii),0.5,100,1000,1000,1000,0,2,0.692,0.633,0.751,0.02110579863575354,0.08367936815822594,0.06477841699961573,3.009447243604988e-07,True,16,16,443456766220.31384,6.527846181250318e-16,0.0,1.8172531167122231e-06,True,16,16,741079542481.1553,1.3321779127421703e-15,0.0
A(ii),0.5,100,1000,1000,1000,1,2,0.683,0.582,0.784,0.009604623259902904,0.06233113238865593,0.05658775000483729,2.3845877754421347e-07,True,16,16,509277207797.73865,5.452847834660686e-16,0.0,7.025431008458555e-07,True,16,16,162331184848.6716,2.136039893047354e-15,0.0
A(ii),0.5,100,1000,1000,1000,2,2,0.6885,0.616,0.761,0.009619053540587884,0.06991548990799334,0.061420917001669295,3.401512931091733e-07,True,16,16,235850169272.0466,6.792626997118744e-16,0.0,1.2448601082627656e-06,True,16,16,443629562787.42535,2.3244982346742984e-15,0.0
A(ii),0.5,100,1000,1000,1000,3,2,0.7055,0.617,0.794,0.007766147565901376,0.07269575590015759,0.05744687501282897,8.474670635885475e-08,True,16,16,282563381158.3315,8.76680675430457e-16,0.0,7.646496294291588e-07,True,16,16,344488049718.1034,3.2852492451435505e-16,0.0
A(ii),0.5,100,1000,1000,1000,4,2,0.6895,0.604,0.775,0.007308037100787879,0.081905808719294,0.06344529199122917,1.67063541327739e-07,True,16,16,293137369205.59436,9.45565028867887e-16,0.0,1.8076448720713502e-06,True,16,16,317321507418.4813,5.383587750496246e-16,0.0
A(ii),0.5,100,1000,1000,1000,5,2,0.6765,0.601,0.752,0.009521234301318321,0.055466730367759655,0.0525902500085067,3.880192876639664e-07,True,16,16,489502629564.9192,4.991941825911629e-16,0.0,9.404520859937059e-07,True,16,16,515366861338.83124,3.595475180396177e-16,0.0
A(ii),0.5,100,1000,1000,1000,6,2,0.6895,0.593,0.786,0.00843024641436586,0.06590161683092485,0.06271283300884534,1.8227998246908034e-07,True,16,16,300147803139.92505,7.485657373095359e-16,0.0,1.0270290365194272e-06,True,16,16,717211878600.3876,8.335125191067922e-16,0.0
A(ii),0.5,100,1000,1000,1000,7,2,0.665,0.606,0.724,0.008883671438599937,0.08277528927391505,0.051240749991848134,3.577479039297342e-07,True,16,16,572235334082.5546,2.2150562075468013e-16,0.0,8.118006055044221e-07,True,16,16,451796388654.57666,2.156062664556753e-15,0.0
A(ii),0.5,100,1000,1000,1000,8,2,0.6815,0.578,0.785,0.013353960473954858,0.08144841296526306,0.07043795799836516,1.0582758929227055e-07,True,16,16,1300623190452.778,1.9832046596333997e-15,0.0,9.795224363079212e-07,True,16,16,339620269400.671,5.560125569275557e-16,0.0
A(ii),0.5,100,1000,1000,1000,9,2,0.6835,0.589,0.778,0.019213365155492608,0.06424368985609728,0.05417595800827257,2.6433929510720005e-07,True,16,16,669274026557.3182,3.0868909134398016e-16,0.0,1.1919323938025545e-06,True,16,16,408638729431.81903,2.1300227523256773e-15,0.0
A(ii),0.5,100,1000,1000,1000,10,2,0.69,0.606,0.774,0.00914258118338243,0.06623427800888276,0.05621887499000877,2.5103619610977013e-08,True,16,16,594266310027.2571,1.1601035714117778e-15,0.0,1.0475305863861347e-06,True,16,16,132631912425.98419,1.3595004489417141e-15,0.0
A(ii),0.5,100,1000,1000,1000,11,2,0.6985,0.595,0.802,0.008927060156979779,0.054843462640084675,0.05422404099954292,1.5883169640633193e-07,True,16,16,782860428683.1892,8.137373067677666e-16,0.0,1.3028206688468771e-06,True,16,16,633897767333.8944,6.802748362907162e-16,0.0
A(ii),0.5,100,1000,1000,1000,12,2,0.692,0.583,0.801,0.016874763759153154,0.0713880176176518,0.05015441599243786,1.104872956217587e-07,True,16,16,485060150530.68994,4.1736776141006843e-16,0.0,1.2364925114854591e-06,True,16,16,385610531852.04675,8.663329724018793e-16,0.0
A(ii),0.5,100,1000,1000,1000,13,2,0.6935,0.601,0.786,0.009314224194275682,0.05556760562195655,0.05189849999442231,1.317262918122782e-07,True,16,16,1320230308713.0828,4.1084450052686887e-16,0.0,1.270226554831559e-06,True,16,16,291994903064.5961,2.3758521299666625e-15,0.0
A(ii),0.5,100,1000,1000,1000,14,2,0.7105,0.61,0.811,0.01001127443557856,0.06059130466814006,0.06372308300342411,2.6062535476498315e-07,True,16,16,306985228794.3852,3.8251376129055765e-16,0.0,9.672860393567774e-07,True,16,16,1247826366430.0806,1.4483907350259043e-15,0.0
A(ii),0.5,100,1000,1000,1000,15,2,0.6775,0.587,0.768,0.00644665341293392,0.05991298092229953,0.052614042011555284,4.2234000935158743e-07,True,16,16,141947633290.42685,7.328639991237801e-16,0.0,1.4245117234334076e-06,True,16,16,325317554474.99854,1.3829312262317408e-15,0.0
A(ii),0.5,100,1000,1000,1000,16,2,0.706,0.615,0.797,0.007942326427641394,0.0669493672362677,0.06868445900909137,1.1638850667409053e-07,True,16,16,230181839765.9561,4.1376295463285605e-16,0.0,1.3332012748609755e-06,True,16,16,373849488641.9022,7.183262414783552e-16,0.0
A(ii),0.5,100,1000,1000,1000,17,2,0.7065,0.608,0.805,0.01029530978541768,0.06457331474674455,0.05545470899960492,1.6648588975824644e-07,True,16,16,483359805856.74396,1.8062648038054116e-15,0.0,1.4694626954471122e-06,True,16,16,200020893448.22357,4.988260629935911e-16,0.0
A(ii),0.5,100,1000,1000,1000,18,2,0.706,0.613,0.799,0.00879847845826253,0.08387623674072296,0.05646933399839327,9.78870451673013e-08,True,16,16,216383394571.53006,1.0852623412510042e-15,0.0,1.6666414346307003e-06,True,16,16,129557913341.67754,4.946961585290804e-16,0.0
A(ii),0.5,100,1000,1000,1000,19,2,0.6975,0.58,0.815,0.01077680163501307,0.07952729250442447,0.0604636250063777,1.7149588463936436e-07,True,16,16,437373291467.34686,5.367452789686687e-16,0.0,3.563765873302936e-07,True,16,16,256008135377.15393,1.4713790048300575e-15,0.0
A(ii),0.5,100,1000,1000,1000,20,2,0.6895,0.579,0.8,0.017749843952534886,0.058522220861754584,0.052212249996955507,1.5960047216681238e-07,True,16,16,733193207249.4886,2.770174766105956e-16,0.0,6.859231278596906e-07,True,16,16,245604171552.26956,4.2200291925073554e-16,0.0
A(ii),0.5,100,1000,1000,1000,21,2,0.69,0.599,0.781,0.011234794703029466,0.06780325901377589,0.055510082995169796,2.4795996011605395e-08,True,16,16,215556307516.9275,3.873843229176531e-16,0.0,8.048953302721969e-07,True,16,16,222544538240.89764,9.582037301191008e-16,0.0
A(ii),0.5,100,1000,1000,1000,22,2,0.693,0.608,0.778,0.013675295249066969,0.05877630693139421,0.06186474999412894,2.0076522161707652e-07,True,16,16,341890848192.26483,1.106033349458973e-15,0.0,7.175411520992838e-07,True,16,16,251322547462.7713,1.589796565667736e-15,0.0
A(ii),0.5,100,1000,1000,1000,23,2,0.6835,0.607,0.76,0.014121216768422424,0.06350140653202882,0.054769791997387074,3.255438942088263e-07,True,16,16,374756987113.8833,7.990889137376083e-16,0.0,1.308794479104941e-06,True,16,16,516907487704.99756,1.0169029858527368e-15,0.0
A(ii),0.5,100,1000,1000,1000,24,2,0.6975,0.589,0.806,0.008117379618542387,0.06752211738974138,0.05141445799381472,1.0356920947092767e-07,True,16,16,207737649302.59106,6.697708419780925e-16,0.0,7.770738718469225e-07,True,16,16,201423481772.19067,2.4408500863172946e-15,0.0
A(ii),0.5,100,1000,1000,1000,25,2,0.688,0.621,0.755,0.0105906144613564,0.08895502255552734,0.06466654200630728,2.6146948686728785e-07,True,16,16,211525927194.32422,5.383464037567607e-16,0.0,1.0194060884753972e-06,True,16,16,609527229378.7731,4.273472012893811e-16,0.0
A(ii),0.5,100,1000,1000,1000,26,2,0.6955,0.609,0.782,0.006350627320586517,0.06782713765109738,0.05406087500159629,3.54459011088978e-07,True,16,16,462664187465.1603,4.49596067877146e-16,0.0,9.007824365236344e-07,True,16,16,319350719738.77234,4.994851755801989e-16,0.0
A(ii),0.5,100,1000,1000,1000,27,2,0.699,0.607,0.791,0.007535205191920903,0.08054524996633818,0.05248345898871776,3.908882410811195e-08,True,16,16,255705437214.69827,1.847240165449612e-16,0.0,1.3310212423165072e-06,True,16,16,715585514098.1604,1.0549557272164071e-15,0.0
A(ii),0.5,100,1000,1000,1000,28,2,0.6935,0.613,0.774,0.005104534398473196,0.0867246895477904,0.056527958004153334,1.3874275157715577e-07,True,16,16,428190679832.4342,6.99210437796639e-16,0.0,1.5831312419800094e-06,True,16,16,367183548197.98114,1.7535653120274665e-15,0.0
A(ii),0.5,100,1000,1000,1000,29,2,0.6895,0.576,0.803,0.015761344175005104,0.07317710308381727,0.05527799999981653,5.031273069439967e-07,True,16,16,381991495151.449,9.360785346738663e-16,0.0,7.231873751503062e-07,True,16,16,307614972572.8439,1.165562932412907e-15,0.0
A(ii),0.5,100,1000,1000,1000,30,2,0.697,0.582,0.812,0.01112852107603728,0.06996445580051111,0.05221816699486226,1.106020143829618e-07,True,16,16,520094912440.7043,9.452501838906487e-16,0.0,8.508624496548056e-07,True,16,16,462239043191.5053,6.40763975083788e-16,0.0
A(ii),0.5,100,1000,1000,1000,31,2,0.696,0.619,0.773,0.011087879276858906,0.06671367429260552,0.057555209001293406,7.008987671798302e-08,True,16,16,248387021595.2487,7.321851056604518e-16,0.0,8.944474871713671e-07,True,16,16,75019165498.95448,4.532978741558045e-16,0.0
A(ii),0.5,100,1000,1000,1000,32,2,0.695,0.632,0.758,0.008988890220389548,0.06365692895410391,0.05962191699654795,1.9620498617759698e-07,True,16,16,347008831703.4987,1.2323442015144893e-15,0.0,1.0549315098271358e-06,True,16,16,169560762087.2258,9.266840033372145e-16,0.0
A(ii),0.5,100,1000,1000,1000,33,2,0.6955,0.571,0.82,0.013467931687287138,0.07752862521415829,0.051945416009402834,9.87124197310266e-08,True,16,16,297545013740.23846,7.363398658584487e-16,0.0,1.433154914425783e-06,True,16,16,624713289496.4435,1.6744650675826613e-15,0.0
A(ii),0.5,100,1000,1000,1000,34,2,0.688,0.592,0.784,0.008987968665333202,0.07026237488472704,0.06325441700755619,2.8409961438536117e-07,True,16,16,323154551688.27924,4.0039307622809355e-16,0.0,1.7565155396930074e-06,True,16,16,303679236514.92633,5.960737205450101e-16,0.0
A(ii),0.5,100,1000,1000,1000,35,2,0.687,0.601,0.773,0.014293944521625048,0.06462574880533627,0.050205042003653944,3.742492686174647e-08,True,16,16,134404526729.68378,1.0583055330500686e-16,0.0,5.598360958125548e-07,True,16,16,209524622775.08734,5.156185433940525e-16,0.0
A(ii),0.5,100,1000,1000,1000,36,2,0.702,0.585,0.819,0.011370860133419545,0.0712033531783357,0.05800495800212957,9.388559443430747e-08,True,16,16,208704355443.69714,1.228724135374198e-15,0.0,9.96667139007991e-07,True,16,16,445536199457.3402,1.0544847821265279e-15,0.0
A(ii),0.5,100,1000,1000,1000,37,2,0.6955,0.654,0.737,0.014821894137896568,0.0859893863526928,0.057535250001819804,4.05461743169012e-07,True,16,16,342384589495.54095,5.573796565697908e-16,0.0,1.2622157625802338e-06,True,16,16,585793242142.1289,7.802011049132471e-16,0.0
A(ii),0.5,100,1000,1000,1000,38,2,0.688,0.591,0.785,0.010128688650956471,0.07166480409658063,0.05567137501202524,1.2024276927821068e-07,True,16,16,283994447537.1181,1.1443862799286218e-15,0.0,9.510613472332747e-07,True,16,16,864933109109.4235,6.55723278278218e-16,0.0
A(ii),0.5,100,1000,1000,1000,39,2,0.6745,0.577,0.772,0.01394371826586809,0.06088982949399203,0.052779834004468285,3.5881178346307877e-07,True,16,16,364570846592.7098,1.6511776607551606e-16,0.0,1.5464459730604129e-06,True,16,16,483154296654.8258,2.3818821783413075e-15,0.0
A(ii),0.5,100,1000,1000,1000,40,2,0.6995,0.601,0.798,0.018049376079821274,0.07239306591683409,0.05545529100345448,1.8494232732981206e-07,True,16,16,460904008637.3624,3.902030823114392e-16,0.0,1.2734393291630782e-06,True,16,16,366013928731.18115,2.008264168245521e-15,0.0
A(ii),0.5,100,1000,1000,1000,41,2,0.7185,0.63,0.807,0.014842281316366024,0.05739262002186917,0.05322987500403542,3.424927712034441e-07,True,16,16,184519355285.8634,3.859364462492912e-16,0.0,7.97087152613381e-07,True,16,16,421634822187.941,8.136828392434693e-16,0.0
A(ii),0.5,100,1000,1000,1000,42,2,0.6955,0.592,0.799,0.009476086487104001,0.05859054145089155,0.05202937500143889,4.536618349356311e-08,True,16,16,345228660850.4852,4.201846055742294e-16,0.0,1.0751969777203467e-06,True,16,16,395633923227.6893,8.581666803127029e-16,0.0
A(ii),0.5,100,1000,1000,1000,43,2,0.6735,0.563,0.784,0.013690144880968114,0.06892709772080044,0.05436566700518597,1.396103566800775e-07,True,16,16,359047000633.6198,3.1572154308112873e-16,0.0,1.0464758066298602e-06,True,16,16,303673201606.4529,4.3933085527095575e-16,0.0
A(ii),0.5,100,1000,1000,1000,44,2,0.677,0.593,0.761,0.011366575746544741,0.07491891230954821,0.0568080000084592,5.27979723243474e-07,True,16,16,876130071485.4966,9.729351330637505e-16,0.0,1.4315298993366858e-06,True,16,16,302455202584.89636,1.3979711972119085e-15,0.0
A(ii),0.5,100,1000,1000,1000,45,2,0.7075,0.608,0.807,0.012398658084461169,0.05637996812844118,0.05572662499616854,6.886763775502234e-08,True,16,16,566771871710.813,6.670135881705899e-16,0.0,1.2095823594019043e-06,True,16,16,1205906058469.4226,2.083839434698172e-15,0.0
A(ii),0.5,100,1000,1000,1000,46,2,0.671,0.602,0.74,0.015098629944547245,0.07182116688251176,0.05873579099716153,2.725516117656667e-07,True,16,16,299313447867.75616,4.957425490979901e-16,0.0,8.346962603830802e-07,True,16,16,391897386572.489,3.708804077331132e-16,0.0
A(ii),0.5,100,1000,1000,1000,47,2,0.7135,0.628,0.799,0.007596174808405611,0.06086748504193604,0.06816337499185465,2.2515585191805753e-07,True,16,16,637669501350.4407,4.587557103193441e-16,0.0,1.1140157783356903e-06,True,16,16,154532110313.29837,4.869000407967494e-16,0.0
A(ii),0.5,100,1000,1000,1000,48,2,0.681,0.596,0.766,0.006840948350284089,0.0686961684424039,0.05933270799869206,5.062148025543151e-07,True,16,16,94527954482.7121,2.2705141569642766e-16,0.0,6.609014097886112e-07,True,16,16,778200859811.3796,6.566869946134054e-16,0.0
A(ii),0.5,100,1000,1000,1000,49,2,0.7065,0.638,0.775,0.010344398396142294,0.06203785583682916,0.05773924999812152,1.004202311817925e-07,True,16,16,337631509225.78107,1.7181910733902737e-15,0.0,6.90239407266378e-07,True,16,16,251891220679.4402,5.397859606051693e-16,0.0
